run_date,emailed,title,journal,link,publication_date,keyword_score,llm_score,combined_score,llm_reason
2026-08-28 11:52,yes,Reproducible and predictable reorganization of place fields driven by grid subfield rate changes,bioRxiv (Cold Spring Harbor Laboratory),https://doi.org/10.64898/2026.02.10.705142,2026-02-12,100,80,86,"This paper shows that chemogenetically induced changes in MEC grid-cell subfield firing rates lead to reproducible, predictable reorganization of hippocampal place fields, revealing a stable input–output mapping between entorhinal and hippocampal spatial representations."
2026-08-28 11:52,yes,The hippocampus as a small-world cognitive map,bioRxiv (Cold Spring Harbor Laboratory),https://doi.org/10.64898/2026.02.07.704615,2026-02-08,84,85,85,"Using large-scale CA1 calcium imaging and a geometry-aware autoencoder, this paper shows that hippocampal population activity forms a small-world, helical cognitive map of world states and their transitions that balances local representational fidelity with global searchability during memory-guided "
2026-08-28 11:52,yes,Hippocampal conditioning code dominates and disrupts the place code,bioRxiv (Cold Spring Harbor Laboratory),https://doi.org/10.64898/2026.02.17.706430,2026-02-19,64,88,81,"Using large-scale CA1 calcium imaging during a conditioning task in freely moving rats, the paper shows that nonspatial conditioning-related task codes are widespread, often stronger and spatially invariant, and can dominate/disrupt classic place coding, directly informing what hippocampal activity "
2026-08-28 11:52,yes,Cross-Modal Scaffolding: Music Enhances Hippocampal Binding and Separation for Visual Sequential Memory,bioRxiv (Cold Spring Harbor Laboratory),https://doi.org/10.64898/2026.02.03.703550,2026-02-05,63,85,78,"This fMRI study directly examines how hippocampal representations (pattern similarity, boundary responses, and positional coding) are modulated by cross-modal musical context to support visual sequence memory, making it highly relevant to questions about what hippocampal/MTL activity represents and "
2026-08-28 11:52,yes,Entorhinal Cortex Signals Dimensions of Past Experience That Can Be Generalized in a Novel Environment,MPG.PuRe (Max Planck Society),https://openalex.org/works/W7130791140,2026-02-01,38,88,73,"Using fMRI, this paper shows that human entorhinal cortex patterns factorize and generalize graph-structured sequence information across environments, indicating EC representations of abstract, generalizable task structure rather than just sensory features."
2026-08-28 11:52,yes,Distinct hippocampal subfield representational shifts underlie category exception learning,OSF Preprints (OSF Preprints),https://openalex.org/works/W7149882599,2026-02-25,20,88,68,"This fMRI study directly examines how human hippocampal subfields (DG, CA2/3, CA1) change their representational geometry (differentiation vs integration) during visual category exception learning, linking subfield-specific representational shifts to behavioral updating and generalization of categor"
2026-08-28 11:52,yes,The vicarious nature of hippocampal theta sequences,OSF Preprints (OSF Preprints),https://openalex.org/works/W7128661277,2026-02-10,40,72,62,"This paper analyzes hippocampal theta sequences as vicarious, internally generated representations of non-current locations or trajectories, directly informing how hippocampal activity encodes prospective/task-related sequences rather than just immediate sensory input."
2026-08-28 11:52,yes,Computational modeling of head direction cells in three-dimensional space: directional encoding and visual cue manipulation,bioRxiv (Cold Spring Harbor Laboratory),https://doi.org/10.64898/2026.02.02.703434,2026-02-05,54,60,58,"This paper presents a computational continuous-attractor model of 3D head-direction coding in presubiculum/entorhinal cortex, showing how vestibular and visual cues combine to update an internal directional state, which is relevant to MTL spatial representations and multisensory integration but not "
2026-08-28 11:52,yes,Ventral Hippocampal Temporoammonic and Schaffer Collateral Pathways Differentially Control Fear- and Anxiety-Related Behaviors,eLife,https://doi.org/10.7554/elife.109782.1,2026-02-23,97,40,57,"This paper shows that optogenetically activating or inhibiting ventral CA3→CA1 versus entorhinal→CA1 pathways in mice bidirectionally and differentially modulates fear- and anxiety-related behaviors, without characterizing hippocampal/MTL representations, multisensory integration, or formal state in"
2026-08-28 11:52,yes,Reviewer #2 (Public review): Ventral Hippocampal Temporoammonic and Schaffer Collateral Pathways Differentially Control Fear- and Anxiety-Related Behaviors,Unknown,https://doi.org/10.7554/elife.109782.1.sa2,2026-02-23,97,40,57,"This paper shows that optogenetically activating or inhibiting ventral CA3→CA1 versus entorhinal→CA1 pathways in mice differentially modulates anxiety- and fear-related behaviors, without characterizing hippocampal/MTL representations, multisensory integration, or formal state inference mechanisms."
2026-08-28 11:52,no,Reviewer #1 (Public review): Ventral Hippocampal Temporoammonic and Schaffer Collateral Pathways Differentially Control Fear- and Anxiety-Related Behaviors,Unknown,https://doi.org/10.7554/elife.109782.1.sa3,2026-02-23,97,35,54,"This paper shows that optogenetically activating or inhibiting ventral CA3→CA1 versus entorhinal→CA1 pathways bidirectionally modulates anxiety- and fear-related behaviors, without addressing what these circuits represent, how they integrate sensory cues, or how they support state inference."
2026-08-28 11:52,no,Reviewer #3 (Public review): Ventral Hippocampal Temporoammonic and Schaffer Collateral Pathways Differentially Control Fear- and Anxiety-Related Behaviors,Unknown,https://doi.org/10.7554/elife.109782.1.sa1,2026-02-23,97,35,54,"This paper uses pathway-specific optogenetics in ventral hippocampus to show that vCA3→vCA1 and EC→vCA1 inputs bidirectionally modulate fear- and anxiety-related behaviors, without characterizing hippocampal/MTL representations, multisensory integration, or state inference computations."
2026-08-28 11:52,no,Author response: Ventral Hippocampal Temporoammonic and Schaffer Collateral Pathways Differentially Control Fear- and Anxiety-Related Behaviors,Unknown,https://doi.org/10.7554/elife.109782.1.sa0,2026-02-23,97,35,54,"This paper shows that optogenetically activating or inhibiting ventral CA3→CA1 versus entorhinal→CA1 pathways bidirectionally modulates anxiety- and fear-related behaviors, without addressing what these circuits represent, multisensory integration, or state inference computations."
2026-08-28 11:52,yes,Dopaminergic mechanisms supporting hippocampal postencoding dynamics in humans,Proceedings of the National Academy of Sciences,https://doi.org/10.1073/pnas.2526799123,2026-02-05,76,45,54,"This paper shows that enhancing dopaminergic tone with methylphenidate in older adults modulates hippocampal postencoding fMRI pattern persistence and hippocampus–midbrain connectivity, relating these dynamics to memory performance rather than to specific representational content, multisensory integ"
2026-08-28 11:52,yes,Dentate gyrus network regulation by somatostatin- and parvalbumin-expressing interneurons differentially impacts spatial memory processing,iScience,https://doi.org/10.1016/j.isci.2026.115067,2026-02-17,78,42,53,"This paper shows that chemogenetically activating somatostatin- vs parvalbumin-expressing interneurons in dentate gyrus differentially disrupts stages of object-location memory by modulating granule cell and downstream hippocampal activity, focusing on circuit-level memory processing rather than rep"
2026-08-28 11:52,yes,Projectome of the mammalian navigation system,European Synchrotron Radiation Facility,https://doi.org/10.15151/esrf-es-2353229769,2026-02-20,62,45,50,"This study anatomically maps hippocampus–medial entorhinal cortex connectivity in a navigation system, providing structural context but little direct evidence about neural representations, multisensory integration, or state inference computations."
2026-08-28 11:52,yes,Ripples precede insight in the right human hippocampus,bioRxiv (Cold Spring Harbor Laboratory),https://doi.org/10.64898/2026.02.05.703313,2026-02-05,57,45,49,"This paper shows that right hippocampal ripple rate increases shortly before subjects report an insight during a reasoning task, linking hippocampal ripples to pre-conscious solution processing but without characterizing specific representations, multisensory integration, or formal state inference."
2026-08-28 11:52,no,Biased synaptic activation of dentate granule cells by exercise reflects inputs from the lateral entorhinal cortex,bioRxiv (Cold Spring Harbor Laboratory),https://doi.org/10.64898/2026.02.22.707119,2026-02-23,100,25,48,"This paper shows that voluntary exercise preferentially activates and strengthens lateral entorhinal cortex inputs onto dentate granule cells via synaptic and spine changes, without addressing representational content, multisensory integration, or state inference at a cognitive level."
2026-08-28 11:52,yes,Subiculum Encodes Environmental Structure,Hippocampus,https://doi.org/10.1002/hipo.70086,2026-02-22,20,60,48,"This review synthesizes evidence that dorsal subiculum neurons encode environmental structure via tuning to boundaries, corners, orientations, and path layouts, focusing on spatial representations rather than multisensory integration or explicit state inference/belief updating."
2026-08-28 11:52,yes,Reviewer #1 (Public review): Divergent spatial codes in retrosplenial cortex and hippocampus support multi-scale representation of complex environments,Unknown,https://doi.org/10.7554/elife.109951.1.sa2,2026-02-10,20,60,48,"The paper appears to compare spatial codes in hippocampus and retrosplenial cortex to show how they jointly support multi-scale spatial representation in complex environments, which is relevant to hippocampal spatial coding but only indirectly to multisensory integration or explicit state inference/"
2026-08-28 11:52,no,eLife Assessment: Ventral Hippocampal Temporoammonic and Schaffer Collateral Pathways Differentially Control Fear- and Anxiety-Related Behaviors,Unknown,https://doi.org/10.7554/elife.109782.1.sa4,2026-02-23,97,25,47,"This paper shows that optogenetically activating or inhibiting specific ventral hippocampal CA3→CA1 and entorhinal→CA1 pathways bidirectionally modulates fear- and anxiety-like behaviors, without addressing representational content, multisensory integration, or state inference mechanisms."
2026-08-28 11:52,no,β-adrenergic receptors modulate CA1 population coding and synaptic plasticity during cumulative spatial memory formation and updating,Scientific Reports,https://doi.org/10.1038/s41598-026-40218-x,2026-02-19,64,38,46,"This paper shows that blocking β-adrenergic receptors during cumulative item–place learning disrupts CA1 ensemble recruitment, spatial tuning, reactivation, and synaptic plasticity, linking noradrenergic modulation to population-level spatial memory encoding rather than to explicit questions of task"
2026-08-28 11:52,yes,Re-membering: spontaneous reactivation of motor cortex during memory re-experiencing,bioRxiv (Cold Spring Harbor Laboratory),https://doi.org/10.64898/2026.01.29.702278,2026-02-02,47,45,46,"The paper shows that during autobiographical memory retrieval, there is effector-specific reactivation in motor cortices, increased hippocampal–motor connectivity, and sub-threshold muscle activity, linking hippocampal retrieval processes to embodied motor reinstatement but not directly addressing h"
2026-08-28 11:52,no,"Mapping Hippocampal Subfield Connectivity Through Super-Resolution Diffusion Imaging: Exploring Interactions Between Limbic Network Integrity, Autonomic Cardiovascular Regulation, and Arrhythmogenic Risk",Zenodo (CERN European Organization for Nuclear Research),https://doi.org/10.5281/zenodo.18525295,2026-02-08,100,20,44,"This paper uses diffusion imaging to map hippocampal subfield structural connectivity in relation to autonomic and arrhythmia risk, without addressing neural representations, multisensory integration, or state inference/belief updating."
2026-08-28 11:52,yes,A dorsal hippocampus-prodynorphinergic dorsolateral septum-to-lateral hypothalamus circuit mediates contextual gating of feeding,Neuron,https://doi.org/10.1016/j.neuron.2026.01.025,2026-02-12,48,42,44,"This paper shows that dorsal hippocampal inputs modulate a specific dorsolateral septum to lateral hypothalamus circuit to gate context- and internal state-dependent feeding behavior, focusing on circuit-level control of feeding rather than detailed hippocampal representations or state inference mec"
2026-08-28 11:52,yes,Reviewer #2 (Public review): Divergent spatial codes in retrosplenial cortex and hippocampus support multi-scale representation of complex environments,Unknown,https://doi.org/10.7554/elife.109951.1.sa1,2026-02-10,20,55,44,"The paper shows that retrosplenial cortex and hippocampus use different spatial coding schemes that together support multi-scale representation of complex environments, focusing on spatial/navigation coding rather than explicit task-state inference or multisensory integration."
2026-08-28 11:52,yes,Reviewer #3 (Public review): Divergent spatial codes in retrosplenial cortex and hippocampus support multi-scale representation of complex environments,Unknown,https://doi.org/10.7554/elife.109951.1.sa0,2026-02-10,20,55,44,"Based on the title, this study functionally compares spatial codes in retrosplenial cortex and hippocampus for multi-scale representation of complex environments, making it moderately relevant as hippocampal spatial coding work but not specifically about multisensory integration or formal state infe"
2026-08-28 11:52,no,Median Raphe projection into the dorsal dentate gyrus modulates anxiety behavior and coping with learning under stress,Scientific Reports,https://doi.org/10.1038/s41598-026-38004-w,2026-02-02,86,25,43,"This paper shows that inhibiting serotonergic median raphe input to dorsal dentate gyrus reduces anxiety-like behavior and alters stress-related learning via basket cell–related mechanisms, without addressing hippocampal/MTL representations, multisensory integration, or state inference computations."
2026-08-28 11:52,no,"Novelty, Ecological Relevance, and Sexual Receptivity Modulate Neuronal Interactions between the Amygdala and Hippocampus",Journal of Neuroscience,https://doi.org/10.1523/jneurosci.1831-25.2026,2026-02-03,39,45,43,"This paper shows that novelty, odor category, and sexual receptivity modulate BLA–ventral hippocampal oscillatory coupling and associated memory for ecologically relevant odors, without directly addressing hippocampal task-state or belief representations."
2026-08-28 11:52,no,Cholinergic blockade reveals a role for human hippocampal theta in memory encoding but not retrieval,eLife,https://doi.org/10.7554/elife.108972.2,2026-02-27,38,45,43,"This paper shows that muscarinic cholinergic blockade disrupts human hippocampal slow-theta oscillations and selectively impairs recollection when present at encoding but not retrieval, implying theta reflects an encoding-related neural state rather than being necessary for retrieval."
2026-08-28 11:52,no,Author response: Cholinergic blockade reveals a role for human hippocampal theta in memory encoding but not retrieval,Unknown,https://doi.org/10.7554/elife.108972.2.sa0,2026-02-27,38,45,43,"This paper shows that muscarinic cholinergic blockade in humans disrupts hippocampal slow-theta oscillations and selectively impairs encoding (but not retrieval) in an associative memory task, speaking to hippocampal memory states rather than representational content or state inference per se."
2026-08-28 11:52,no,Reviewer #1 (Public review): Cholinergic blockade reveals a role for human hippocampal theta in memory encoding but not retrieval,Unknown,https://doi.org/10.7554/elife.108972.2.sa2,2026-02-27,38,45,43,"This paper shows that muscarinic blockade disrupts human hippocampal slow-theta oscillations and selectively impairs recollection when present at encoding but not retrieval, implying theta indexes an encoding-related neural state rather than being necessary for retrieval."
2026-08-28 11:52,no,eLife Assessment: Cholinergic blockade reveals a role for human hippocampal theta in memory encoding but not retrieval,Unknown,https://doi.org/10.7554/elife.108972.2.sa3,2026-02-27,38,45,43,"This paper shows that muscarinic cholinergic blockade disrupts human hippocampal slow-theta oscillations and selectively impairs recollection when present at encoding but not retrieval, implying theta reflects an encoding-related neural state rather than being necessary for retrieval."
2026-08-28 11:52,no,Reviewer #2 (Public review): Cholinergic blockade reveals a role for human hippocampal theta in memory encoding but not retrieval,Unknown,https://doi.org/10.7554/elife.108972.2.sa1,2026-02-27,38,45,43,"This paper shows that muscarinic cholinergic blockade disrupts human hippocampal slow-theta oscillations and selectively impairs recollection when present at encoding but not retrieval, implying theta reflects an encoding-related neural state rather than being necessary for retrieval."
2026-08-28 11:52,no,Sleep spindles promote hippocampal network downregulation during sleep,Current Biology,https://doi.org/10.1016/j.cub.2026.01.075,2026-02-27,57,35,42,"This paper shows that sleep spindles (especially when interleaved with REM) are associated with a gradual downregulation of CA1 population Ca2+ activity across slow-wave sleep epochs, rather than addressing what hippocampal representations encode or how states are inferred from sensory cues."
2026-08-28 11:52,no,Selective attention to auditory and visual modalities converges onto noncholinergic basal forebrain neurons,Science Advances,https://doi.org/10.1126/sciadv.adz7778,2026-02-20,46,40,42,"This paper shows that a shared population of noncholinergic basal forebrain neurons encodes modality-independent selective attention to auditory and visual targets, reflecting integrated attention signals rather than hippocampal/MTL representations or explicit state inference."
2026-08-28 11:52,no,"Chronic two-photon calcium imaging of hippocampal astrocytes, pyramidal cells and interneurons during natural arousal and optogenetic stimulation of locus coeruleus",Zenodo (CERN European Organization for Nuclear Research),https://doi.org/10.5281/zenodo.18672975,2026-02-01,56,35,41,"This dataset paper characterizes how hippocampal neurons and astrocytes respond to noradrenergic locus coeruleus stimulation and natural arousal, without addressing task-state representations, multisensory integration, or state inference/belief updating."
2026-08-28 11:52,no,"Time between learning events shapes functional connectivity in spatial memory, a brain-wide analysis",bioRxiv (Cold Spring Harbor Laboratory),https://doi.org/10.64898/2026.02.12.705541,2026-02-13,39,42,41,"This paper uses brain-wide c-Fos to compare network-level connectivity patterns between massed vs spaced spatial (and cue-based) training, showing altered hippocampal–cortical–basal ganglia–thalamic interactions, but it does not analyze hippocampal/MTL representations, multisensory integration, or e"
2026-08-28 11:52,no,Echoes of the mind’s eye: Reciprocal crossmodal interaction between auditory and visual processing,iScience,https://doi.org/10.1016/j.isci.2026.114990,2026-02-13,78,25,41,"This EEG study shows that a task-irrelevant visual flash first suppresses and then later facilitates auditory cortical processing during an auditory spatial attention task, without involving hippocampus/MTL, state inference, or task-state representations."
2026-08-28 11:52,no,Entorhinal Cortex Wolframin-1-expressing neurons propagate tau to CA1 neurons and impair hippocampal memory,bioRxiv (Cold Spring Harbor Laboratory),https://doi.org/10.64898/2026.02.19.706636,2026-02-20,87,20,40,"This paper studies how tau pathology in Wfs1+ entorhinal neurons propagates to CA1 and causes sex-dependent cellular, synaptic, immune, and behavioral deficits in mice, focusing on Alzheimer’s-related mechanisms rather than on what hippocampal/MTL activity represents or how states are inferred."
2026-08-28 11:52,no,Transsynaptic neural circuit mapping of ventral hippocampus motivational control systems,bioRxiv (Cold Spring Harbor Laboratory),https://doi.org/10.64898/2026.02.16.706218,2026-02-17,50,35,40,"This paper anatomically maps ventral CA1 projection-specific input–output circuits for motivational control (to NAc shell, mPFC, LHA) using viral tracing, without addressing representational content, multisensory integration, or state inference/belief updating at the neural coding level."
2026-08-28 11:52,no,Rhythmic modulation of the dorsal hippocampus during specific within-trial segments links to future behavior,Learning & Memory,https://doi.org/10.1101/lm.054175.125,2026-02-01,30,45,40,"This paper shows that dorsal hippocampal beta and gamma power during specific within-trial epochs (after errors and rewards) correlates with subsequent trial accuracy in a set-shifting task, without directly analyzing what is represented, multisensory integration, or explicit state inference/belief "
2026-08-28 11:52,no,Olfactory bulb differently synchronizes ventral hippocampus–medial prefrontal cortex circuit during spatial working memory across social dominance hierarchies,PLoS ONE,https://doi.org/10.1371/journal.pone.0341166,2026-02-12,28,45,40,"This paper shows that olfactory bulb delta oscillations modulate vHPC–mPFC gamma synchrony during a spatial working memory task in rats, with differences across social dominance ranks, but it does not directly address hippocampal/MTL representations, multisensory state inference, or belief updating "
2026-08-28 11:52,no,Subicular Plateaus Signal Reward Locations during Goal-Directed Behavior,bioRxiv (Cold Spring Harbor Laboratory),https://doi.org/10.64898/2026.02.16.706209,2026-02-17,25,45,39,"This paper shows that NMDA-dependent plateau bursts in dorsal subiculum neurons cluster at learned reward locations and remap with reward relocation, linking intracellular membrane potential state to reward-location coding during navigation rather than to broader questions of multisensory state infe"
2026-08-28 11:52,no,Right posterior theta facilitates memory encoding and recall during virtual navigation,bioRxiv (Cold Spring Harbor Laboratory),https://doi.org/10.64898/2026.02.24.707786,2026-02-25,24,45,39,"This EEG study shows that a right posterior theta signal (likely MTL-generated) increases during encoding and recall of rewarded spatial cues in a virtual navigation task and that its power predicts subsequent memory performance, but it does not analyze hippocampal/MTL representations, multisensory "
2026-08-28 11:52,no,A concise mathematical description of signal transformations across the hippocampal apical CA3 to CA1 dendritic response,Frontiers in Neural Circuits,https://doi.org/10.3389/fncir.2025.1545031,2026-02-12,79,20,38,"This paper mathematically characterizes synaptic input–output transformations at CA3–CA1 dendrites in slices, focusing on nonlinear synaptic dynamics rather than hippocampal representations, multisensory integration, or state inference at the cognitive/task level."
2026-08-28 11:52,no,Hippocampal and cortical oscillatory dynamics support semantic processing and performance,Communications Biology,https://doi.org/10.1038/s42003-026-09718-4,2026-02-17,20,45,38,"This MEG study shows that hippocampal theta and gamma oscillations differ between semantically related vs unrelated word judgments, indicating a role for hippocampal dynamics in semantic processing but not directly addressing task-state inference, multisensory integration, or detailed hippocampal re"
2026-08-28 11:52,no,Environmental Enrichment Attenuates Aging-Induced BBB Disruption and Cognitive Impairment with Activation of FNDC5/Irisin Signaling,International Journal of Molecular Sciences,https://doi.org/10.3390/ijms27041652,2026-02-08,79,20,38,"This paper shows that environmental enrichment in aged mice improves hippocampal-dependent spatial working memory and preserves BBB/NVU integrity via FNDC5/irisin-related molecular signaling, without addressing what hippocampal/MTL activity represents, multisensory integration, or state inference/be"
2026-08-28 11:52,no,Lateral ventricular brain–computer interface system with lantern-inspired electrode for stable performance and memory-guided decoding,National Science Review,https://doi.org/10.1093/nsr/nwag081,2026-02-04,56,30,38,"This is primarily a methods/BCI paper demonstrating a ventricular electrode that stably records decision-related signals (likely including hippocampal contributions), but it does not analyze or interpret hippocampal/MTL representations, multisensory integration, or state inference mechanisms themsel"
2026-08-28 11:52,no,[Fiber photometry-based analysis of transcranial magneto-acoustic electrical stimulation effects on synaptic plasticity in the hippocampal CA1 region of APP/PS1 mice].,PubMed,https://doi.org/10.7507/1001-5515.202503076,2026-02-25,100,10,37,"This paper tests how a neuromodulation technique alters synaptic plasticity, morphology, and bulk calcium activity in hippocampal CA1 of AD-model mice, without addressing what hippocampal activity represents, multisensory integration, or state inference/belief updating."
2026-08-28 11:52,no,Axonal theta oscillations evoke bursting in target hippocampal subregions,DRYAD,https://doi.org/10.5061/dryad.rv15dv4nq,2026-02-03,77,20,37,"This paper shows that theta-frequency voltage oscillations in isolated hippocampal axons, particularly from CA3 to CA1, can modulate bursting in target neurons via biophysical mechanisms, without addressing representations, multisensory integration, or state inference."
2026-08-28 11:52,no,GR/HDAC2/synaptic complexes in hippocampal CA1 mediate the antidepressant effects of magnolol,Biomedical Journal,https://doi.org/10.1016/j.bj.2026.100961,2026-02-11,96,10,36,"This paper examines molecular and epigenetic mechanisms of magnolol’s antidepressant effects in hippocampal CA1 (GR/HDAC2, synaptic proteins, dendritic spines), without addressing hippocampal/MTL representations, multisensory integration, or state inference/belief updating at the computational or sy"
2026-08-28 11:52,no,All-optical electrophysiology reveals behavior-dependent dynamics of excitation and inhibition in the hippocampus,Neuron,https://doi.org/10.1016/j.neuron.2025.12.040,2026-02-20,38,35,36,"This paper uses optical methods to characterize how excitation and inhibition in hippocampus vary with behavior, focusing on circuit-level dynamics rather than representational content, multisensory integration, or state inference."
2026-08-28 11:52,no,Inter-token silence period spiking activity enhances selectivity of distinct groups of auditory cortical neurons to periodic and aperiodic sound sequences,bioRxiv (Cold Spring Harbor Laboratory),https://doi.org/10.64898/2026.02.03.703433,2026-02-05,75,20,36,"This paper shows that specific subpopulations of mouse auditory cortical neurons use spiking during silent intervals between sounds to selectively encode periodic vs aperiodic acoustic sequences without generalizing across stimulus parameters, which is largely unrelated to hippocampal/MTL representa"
2026-08-28 11:52,no,to extrapolation of primary absorbed compounds as multifunctional proxies of Zhiqiao ()-Houpo () herb pair.,PubMed,https://doi.org/10.19852/j.cnki.jtcm.2026.01.005,2026-02-01,75,20,36,"This paper examines how a herbal extract alters stress-related BOLD activity (including in entorhinal cortex) and gene expression in dentate gyrus, focusing on antidepressant mechanisms rather than on hippocampal/MTL representations, multisensory integration, or formal state inference/belief updatin"
2026-08-28 11:52,no,Behavioral and histological effect of bis-coumarin derivative on STZ-induced diabetic rats,Biomedicine & Pharmacotherapy,https://doi.org/10.1016/j.biopha.2026.119139,2026-02-23,72,20,36,"This is a diabetes-model pharmacology study showing that a bis-coumarin derivative improves behavior and hippocampal cell viability in STZ-diabetic rats, without addressing hippocampal representations, multisensory integration, or state inference mechanisms."
2026-08-28 11:52,no,Limbic‐Visual Disintegration and Salience‐Control Specialization Characterize Tinnitus Network Topology,European Journal of Neuroscience,https://doi.org/10.1111/ejn.70417,2026-02-01,68,22,36,"This is a clinical resting-state connectivity study of tinnitus-related large-scale network reorganization (including parahippocampal/limbic nodes) without addressing what MTL activity represents, multisensory integration, or state inference/belief updating mechanisms."
2026-08-28 11:52,no,Acoustic stimulation and other emerging approaches to enhance sleep: design notes for the next generation of closed-loop neurostimulation technology,Frontiers in Neuroscience,https://doi.org/10.3389/fnins.2025.1682450,2026-02-04,63,25,36,"This review focuses on closed-loop neurostimulation technologies to enhance sleep oscillations (slow waves, spindles, ripples) and sleep quality, with only broad, indirect relevance to questions about hippocampal/MTL representations, multisensory integration, or state inference mechanisms."
2026-08-28 11:52,no,Mapping PV+ interneuron connectivity in CA1: Unraveling the inhibitory architecture of hippocampus,European Synchrotron Radiation Facility,https://doi.org/10.15151/esrf-es-2313096370,2026-02-11,59,25,35,"This paper anatomically maps PV+ interneuron connectivity in CA1 without addressing representational content, multisensory integration, or state inference/belief updating at the cognitive or computational level."
2026-08-28 11:52,no,Synaptic plasticity in the perforant pathway drives inhibitory reorganization enhancing dentate gyrus functionality,iScience,https://doi.org/10.1016/j.isci.2026.114878,2026-02-03,57,25,35,"This paper mainly examines synaptic plasticity and inhibitory circuit reorganization in the dentate gyrus at a cellular/network level, with only indirect relevance to questions about hippocampal/MTL representations, multisensory integration, or state inference."
2026-08-28 11:52,no,Ketogenic diet dampens excitatory neurotransmission by shrinking synaptic vesicle pools,Cell Reports,https://doi.org/10.1016/j.celrep.2026.116945,2026-02-01,76,18,35,"This paper shows that a ketogenic diet alters gene expression and histone modifications in hippocampus, reducing excitatory synaptic gain at CA3–CA1 synapses via smaller readily releasable vesicle pools, with no analysis of representations, multisensory integration, or state inference."
2026-08-28 11:52,no,Lithium effects in the frontolimbic circuitry: a systematic review of neuroimaging findings in bipolar disorder,Translational Psychiatry,https://doi.org/10.1038/s41398-026-03868-z,2026-02-11,69,20,35,"This is a clinical neuroimaging review of lithium’s structural and connectivity effects in frontolimbic regions (including hippocampus), without addressing what hippocampal/MTL activity represents, multisensory integration, or state inference/belief updating mechanisms."
2026-08-28 11:52,no,"Repeated fentanyl administration impairs spatial memory, synaptic plasticity, and induces neuroinflammation in the dorsal hippocampus of rats",Neuropharmacology,https://doi.org/10.1016/j.neuropharm.2026.110906,2026-02-28,68,20,34,"This paper shows that repeated fentanyl administration in rats impairs hippocampal-dependent spatial memory and CA1 synaptic plasticity while inducing neuroinflammatory changes, without addressing what hippocampal activity represents, multisensory integration, or state inference/belief updating."
2026-08-28 11:52,no,Chronic caffeine consumption prevents obesity-induced cognitive and memory impairments by reducing neuroinflammation and enhancing neuronal activity in the hippocampus,Pharmacological Research,https://doi.org/10.1016/j.phrs.2026.108140,2026-02-13,68,20,34,"This is a disease-model study showing that chronic caffeine mitigates obesity-induced hippocampal-dependent memory deficits via reduced neuroinflammation and altered signaling, without addressing what hippocampal activity represents, multisensory integration, or state inference/belief updating."
2026-08-28 11:52,no,Divergent hippocampal output via covariant local and long-range neuronal structure,Progress in Neurobiology,https://doi.org/10.1016/j.pneurobio.2026.102893,2026-02-18,30,35,34,"This paper anatomically and computationally characterizes how subiculum projection neuron morphology covaries with long-range targets to support projection-specific input–output operations, without directly addressing hippocampal representations, multisensory integration, or state inference at the c"
2026-08-28 11:52,no,Temporal dynamics of hippocampal morphological changes in cisplatin-induced neurotoxicity and prophylactic and therapeutic effects of pioglitazone,Regulatory Mechanisms in Biosystems,https://doi.org/10.15421/0226028,2026-02-24,87,10,33,"This paper examines structural and morphometric hippocampal damage and its pharmacological mitigation in a chemotherapy model, without addressing what hippocampal activity represents, multisensory integration, or state inference/belief updating."
2026-08-28 11:52,no,"From Theta Waves to the Zero-Point Field: A Unified Neurophysiological Mechanism for Non-Local Perception, Remote Viewing, and Trainable Expanded Consciousness",Zenodo (CERN European Organization for Nuclear Research),https://doi.org/10.5281/zenodo.18801879,2026-02-27,86,10,33,"This is a speculative hypothesis piece about remote viewing and quantum zero-point fields that does not provide empirical data or rigorous analysis of hippocampal/MTL representations, multisensory integration, or state inference/belief updating."
2026-08-28 11:52,no,In utero exposure to NMDA receptor autoantibodies disrupts hippocampal circuit maturation,Cell Reports,https://doi.org/10.1016/j.celrep.2026.117022,2026-02-19,67,18,33,"This paper shows that prenatal exposure to NMDA receptor autoantibodies disrupts the developmental maturation and activity-dependent refinement of hippocampal CA1 circuits, leading to altered early network dynamics rather than addressing adult hippocampal representations, multisensory integration, o"
2026-08-28 11:52,no,[Effect of electroacupuncture on neuronal autophagy in rats with chronic sleep deprivation via the PI3K/AKT/mTOR signaling pathway].,PubMed,https://doi.org/10.13703/j.0255-2930.20241130-k0002,2026-02-12,75,15,33,"This paper examines molecular signaling and autophagy changes in hippocampal neurons after electroacupuncture in a chronic sleep deprivation model, without addressing what hippocampal activity represents, multisensory integration, or state inference/belief updating at the computational or representa"
2026-08-28 11:52,no,Unravelling hippocampal circuit vulnerabilities across species and pathological states,Unknown,https://doi.org/10.69622/31026622.v1,2026-02-25,60,20,32,"This thesis primarily examines early circuit-level vulnerabilities and gamma oscillation impairments in hippocampal interneuron networks across disease models, without addressing what hippocampal activity represents, multisensory integration, or state inference/belief updating."
2026-08-28 11:52,no,Structural plasticity of the axon initial segment in hippocampal granule cells after entorhinal denervation,Brain Research Bulletin,https://doi.org/10.1016/j.brainresbull.2026.111790,2026-02-21,59,20,32,"This paper shows that entorhinal denervation causes structural plasticity of the axon initial segment and cisternal organelle in dentate gyrus granule cells, without addressing representations, multisensory integration, or state inference at the cognitive/functional level."
2026-08-28 11:52,no,Hippocampal subfield-specific imaging in depression: the translational power of ultra-high field MRI,Translational Psychiatry,https://doi.org/10.1038/s41398-026-03870-5,2026-02-10,59,20,32,"This review uses ultra-high field MRI to characterize hippocampal subfield structural/microstructural abnormalities in depression, with little direct relevance to hippocampal representations, multisensory integration, or state inference mechanisms."
2026-08-28 11:52,no,Epicranial electrical stimulation improves non-navigational spatial memory in macaque monkeys,Neuroimage Reports,https://doi.org/10.1016/j.ynirp.2026.100331,2026-02-26,48,25,32,"This paper shows that 40 Hz epicranial electrical stimulation enhances non-navigational spatial memory performance and broadly activates hippocampus in macaques, without analyzing what hippocampal/MTL activity represents or how states are inferred."
2026-08-28 11:52,no,Data and code from: A meta-analysis suggests that TMS targeting the hippocampal network selectively improves episodic memory,DRYAD,https://doi.org/10.5061/dryad.vhhmgqp86,2026-02-04,47,25,32,"This is a clinical/neuromodulation meta-analysis showing that noninvasive TMS protocols targeting the hippocampal network modestly and selectively improve episodic memory performance, without addressing what hippocampal/MTL activity represents or how states are inferred."
2026-08-28 11:52,no,Piriform seizures mediated by the piriform-entorhino-dentate circuit induce brain-wide functional reorganization in mice,PLoS Biology,https://doi.org/10.1371/journal.pbio.3003577,2026-02-12,59,20,32,"This paper shows that a specific piriform–lateral entorhinal–dentate gyrus circuit causally mediates seizure propagation and brain-wide hyperactivation, focusing on epilepsy-related network dynamics rather than hippocampal/MTL representations, multisensory integration, or state inference."
2026-08-28 11:52,no,"Mapping the neural basis of selected cognitive functions: A combined functional, structural, and diffusion MRI study",Brain Research Bulletin,https://doi.org/10.1016/j.brainresbull.2026.111786,2026-02-20,50,25,32,"This is a broad multimodal MRI correlational study linking global brain structure/connectivity to neuropsychological test performance, without specific focus on hippocampal/MTL representations, multisensory integration, or computational state inference/belief updating."
2026-08-28 11:52,no,Memory deficits of MDMA users are linked to cortical thinning related to 5-HT receptor densities,Zurich Open Repository and Archive (University of Zurich),https://doi.org/10.5167/uzh-284451,2026-02-03,48,25,32,"This clinical/structural study links MDMA use to hippocampal volume loss, cortical thinning, and memory deficits, but does not address what hippocampal/MTL activity represents, multisensory integration, or neural mechanisms of state inference/belief updating."
2026-08-28 11:52,no,Transregional astrocyte-dependent metaplasticity in the hippocampus,bioRxiv (Cold Spring Harbor Laboratory),https://doi.org/10.64898/2026.02.10.705156,2026-02-11,69,15,31,"This paper demonstrates an astrocyte- and TNF-dependent form of transregional metaplasticity between CA1 stratum oriens and dentate gyrus, focusing on molecular/cellular mechanisms of LTP regulation rather than hippocampal representations, multisensory integration, or state inference."
2026-08-28 11:52,no,Ibogalogs induce antiseizure activity in rodents by a mechanism involving 5-HT2A/2C receptor activation with a major role of 5-HT2A receptors in the hippocampal CA3 subfield,Biochemical Pharmacology,https://doi.org/10.1016/j.bcp.2026.117799,2026-02-12,68,15,31,"This paper shows that repeated administration of iboga-derived compounds reduces seizure activity in rodents via 5-HT2A/2C receptor–mediated modulation of hippocampal CA3 excitability, focusing on antiseizure pharmacology rather than hippocampal representations or state inference."
2026-08-28 11:52,no,Insulin‐like growth factor 1 receptor correlates with verbal memory in ILAE type 2 hippocampal sclerosis,Epilepsia,https://doi.org/10.1002/epi.70138,2026-02-05,67,15,31,"This clinical epilepsy study links hippocampal IGF-1 receptor expression and neuron density to verbal memory performance, focusing on molecular/pathological correlates rather than hippocampal representations, multisensory integration, or state inference mechanisms."
2026-08-28 11:52,no,Multiomic single nuclei profiling the mouse hippocampus reveals that ACSS2 confers neuronal resilience to tauopathy,Alzheimer s & Dementia,https://doi.org/10.1002/alz.70998,2026-02-01,67,15,31,"This paper uses multiomic profiling to show that loss of the metabolic enzyme ACSS2 exacerbates tauopathy-related molecular and behavioral deficits in hippocampal neurons and that acetate supplementation can rescue some of these effects, focusing on neuroprotection rather than on neural representati"
2026-08-28 11:52,no,"Review for ""Regulatory Mechanisms of Light-Magnetic Combined Stimulation Synchronized to Musical Rhythms on Bidirectional Synaptic Plasticity LTP/LTD in the Hippocampal Schaffer-CA1 Region of Rats""",Unknown,https://doi.org/10.1111/ejn.70592/v1/review2,2026-02-28,57,20,31,"This paper examines how combined light-magnetic stimulation synchronized to musical rhythms modulates LTP/LTD in hippocampal Schaffer-CA1 synapses, focusing on synaptic plasticity mechanisms rather than hippocampal representations, multisensory state inference, or belief updating."
2026-08-28 11:52,no,Overlapping Distributions of Parvalbum in and Orexin Immunoreactivity in Mouse Brain Regions Associated with Cognitive Function,International Journal of Morphology,https://doi.org/10.4067/s0717-95022026000100291,2026-02-01,57,20,31,"This paper anatomically maps overlapping distributions of parvalbumin and orexin immunoreactivity across mouse brain regions, with only sparse mention of medial entorhinal cortex and no direct investigation of hippocampal/MTL representations, multisensory integration, or state inference/belief updat"
2026-08-28 11:52,no,Targeting active forgetting with non-invasive stimulation: toward novel treatments for intrusive memories in PTSD,International Review of Psychiatry,https://doi.org/10.1080/09540261.2026.2631028,2026-02-18,56,20,31,"This is a clinical/theoretical review on using non-invasive stimulation to modulate active forgetting in PTSD, with only broad, high-level discussion of hippocampal involvement and no substantive analysis of hippocampal/MTL representations, multisensory integration, or state inference mechanisms."
2026-08-28 11:52,no,ABCA7 rs115550680 risk allele carriers have lower medial temporal lobe dynamic network flexibility than APOE-ε4 allele carriers among older African Americans,Neurobiology of Aging,https://doi.org/10.1016/j.neurobiolaging.2026.01.008,2026-02-01,56,20,31,"This paper shows that in older African Americans, carriers of an ABCA7 AD-risk allele have reduced resting-state MTL network flexibility and some MTL volumetric differences compared to non-carriers and APOE-ε4 carriers, focusing on genetic risk and disease-related connectivity rather than hippocampa"
2026-08-28 11:52,no,Circular RNA circHomer1 mediates hippocampal functions via ribonucleoprotein granule transport and dendritic targeting of synaptic RNAs,Science Advances,https://doi.org/10.1126/sciadv.ads7509,2026-02-11,53,20,30,"This paper shows that a specific circular RNA (circHomer1) regulates dendritic targeting of synaptic mRNAs and thereby affects synaptic structure and hippocampus-dependent memory, focusing on molecular/synaptic mechanisms rather than neural representations, multisensory integration, or state inferen"
2026-08-28 11:52,no,Frequency-dependent tuning of spatial coupling shapes information transfer in human hippocampal networks,Unknown,https://doi.org/10.22541/au.177011842.26129399/v1,2026-02-03,30,30,30,"This paper characterizes frequency-dependent spatial phase coupling and long-range vs local interactions along the human hippocampal axis (largely in an epilepsy context) without addressing what is represented, multisensory integration, or state inference/belief updating."
2026-08-28 11:52,no,Effects of transcranial photobiomodulation on anxiety-like behavior and spatial learning in adult and old female rats,Physiology & Behavior,https://doi.org/10.1016/j.physbeh.2026.115293,2026-02-26,54,20,30,"This paper tests how transcranial photobiomodulation affects anxiety-like behavior, spatial learning, and regional metabolic activity (including hippocampus) in rats, without addressing what hippocampal/MTL activity represents, multisensory integration, or state inference/belief updating mechanisms."
2026-08-28 11:52,no,Disentangling the functional roles of pre-stimulus oscillations in crossmodal associative memory formation via sensory entrainment,Scientific Reports,https://doi.org/10.1038/s41598-025-33761-6,2026-02-01,42,25,30,"This EEG study shows that visually entrained pre-stimulus alpha oscillations enhance later crossmodal recognition memory, indicating a role for cortical oscillatory state in multisensory memory encoding but without addressing hippocampal/MTL representations or explicit state inference mechanisms."
2026-08-28 11:52,no,Male Rats Carrying the Taiep Mutation Show Alterations in the Dendritic Arborization of CA1 and CA3 Neurons,Hippocampus,https://doi.org/10.1002/hipo.70080,2026-02-13,50,20,29,"This paper shows that a demyelination-related mutation alters dendritic arborization and spine density of CA1/CA3 pyramidal neurons in rats, without addressing what hippocampal activity represents, multisensory integration, or state inference/belief updating."
2026-08-28 11:52,no,Galanin receptor 1 expressing neurons in hippocampal-prefrontal circuitry modulate goal directed attention and impulse control,Neuropsychopharmacology,https://doi.org/10.1038/s41386-026-02360-y,2026-02-11,39,25,29,"This paper mainly examines how GalR1-expressing neurons in ventral hippocampus and prefrontal cortex modulate attention and impulse control via neuromodulation, without addressing hippocampal/MTL representational content, multisensory integration, or formal state inference/belief updating."
2026-08-28 11:52,no,Low‐Intensity Pulsed Ultrasound Alleviation of LPS‐Induced Depression‐Like Behavior via Microglial P2X4R Inhibition and BDNF/TrkB Pathway Activation,CNS Neuroscience & Therapeutics,https://doi.org/10.1002/cns.70786,2026-02-01,72,10,29,"This paper shows that low-intensity pulsed ultrasound reduces LPS-induced depression-like behavior by modulating microglial P2X4R, inflammatory cytokines, and BDNF/TrkB signaling in hippocampus, focusing on molecular neuroinflammation mechanisms rather than hippocampal representations, multisensory "
2026-08-28 11:52,no,Convolutional neural network models describe the encoding subspace of local circuits in auditory cortex,Nature Neuroscience,https://doi.org/10.1038/s41593-026-02216-0,2026-02-23,49,20,29,"This paper uses CNN-based encoding models to characterize sensory tuning subspaces in ferret auditory cortex, focusing on local sensory representations rather than hippocampal/MTL function, multisensory integration, or state inference/belief updating."
2026-08-28 11:52,no,Tai Chi exercise and neuroplasticity: a narrative review according to neural mechanisms and clinical utilizations in brain health,Frontiers in Neuroscience,https://doi.org/10.3389/fnins.2026.1769779,2026-02-19,49,20,29,"This is a narrative review on how Tai Chi may promote neuroplasticity and brain health (including gross hippocampal volume changes), not on what hippocampal/MTL activity represents, multisensory integration, or state inference/belief updating mechanisms."
2026-08-28 11:52,no,Distinct spatial and non-spatial response properties of excitatory narrow-spike and burst-firing neurons in the marmoset auditory cortex,bioRxiv (Cold Spring Harbor Laboratory),https://doi.org/10.64898/2026.02.10.705046,2026-02-11,49,20,29,"This paper characterizes a specific excitatory narrow-spike burst-firing cell type in marmoset auditory cortex and its spatial/non-spatial receptive field properties, without addressing hippocampal/MTL representations, multisensory state inference, or belief updating."
2026-08-28 11:52,no,"Appearance of Amyloid-β Early in Life Initiates Neuronal Hyper-excitability, Mitochondrial Decay, and Loss of Dendritic Complexity in the Hippocampal CA1 Region of 5xFAD Mice",bioRxiv (Cold Spring Harbor Laboratory),https://doi.org/10.64898/2026.02.04.703883,2026-02-06,69,10,28,"This is a disease-focused, cellular/molecular study of early amyloid-β–induced hyperexcitability and structural/mitochondrial changes in hippocampal CA1 of 5xFAD mice, without addressing representations, multisensory integration, or state inference."
2026-08-28 11:52,no,"Effects of electroconvulsive shock on the function, circuitry, and transcriptome of dentate gyrus granule neurons",Neuropsychopharmacology,https://doi.org/10.1038/s41386-026-02345-x,2026-02-04,48,20,28,"This paper examines how electroconvulsive shock alters neurogenesis, synaptic inhibition, and gene expression in dentate gyrus granule cells in a depression model, without addressing hippocampal representations, multisensory integration, or state inference at the cognitive/computational level."
2026-08-28 11:52,no,Egocentric Spatial Memory Deficit in Amnestic Mild Cognitive Impairment Revealed Through Virtual Reality: Cross-Sectional Study,JMIR Aging,https://doi.org/10.2196/79224,2026-02-25,35,25,28,"This is a clinical VR navigation study in aMCI showing that egocentric spatial memory errors in a virtual object-location task predict diagnosis, without directly probing hippocampal/MTL representations, multisensory integration, or formal state inference/belief updating mechanisms."
2026-08-28 11:52,no,SPACE: A novel digital tool for assessing hippocampal structural integrity in older adults,Repository for Publications and Research Data (ETH Zurich),https://doi.org/10.3929/ethz-c-000797686,2026-02-12,35,25,28,"This paper shows that performance on a digital spatial/navigation assessment in older adults correlates with hippocampal volume, focusing on structural integrity and clinical-style assessment rather than on hippocampal representations, multisensory integration, or state inference mechanisms."
2026-08-28 11:52,no,Neural Disruptions and Autism Spectrum Disorder Phenotypes: A Synapsin II Knockout Study,Zenodo (CERN European Organization for Nuclear Research),https://doi.org/10.5281/zenodo.19096956,2026-02-01,47,20,28,"This paper shows that Synapsin II knockout mice exhibit ASD-like social and vocalization deficits that correlate with reduced resting-state functional connectivity in auditory cortex and hippocampus, linking a synaptic gene mutation to large-scale connectivity changes rather than to specific hippoca"
2026-08-28 11:52,no,Dihydromyricetin Modulates Neuropathic Pain and Depression: A Correlation with Hippocampal Vascular Endothelial Growth Factor in Mice,Journal of Inflammation Research,https://doi.org/10.2147/jir.s538350,2026-02-01,67,10,27,"This paper examines how dihydromyricetin affects neuropathic pain and depression via hippocampal VEGF-related molecular changes, without addressing hippocampal/MTL representations, multisensory integration, or state inference/belief updating."
2026-08-28 11:52,no,Astrocytic regulation in hippocampal CA2 mediates the impact of sleep deprivation on spatial working memory,Frontiers in Systems Neuroscience,https://doi.org/10.3389/fnsys.2026.1744203,2026-02-17,44,20,27,"This paper shows that chronic sleep deprivation alters astrocytic metabolism and activity in hippocampal CA2, leading to impaired spatial working memory, without addressing representational content, multisensory integration, or state inference mechanisms."
2026-08-28 11:52,no,Spatiotemporal transcriptomic profiling reveals upregulation of glycolysis pathway genes before overt tauopathy in the PS19 mouse model,Experimental & Molecular Medicine,https://doi.org/10.1038/s12276-026-01652-z,2026-02-13,67,10,27,"This paper uses spatial transcriptomics in a tauopathy mouse model to show early glycolysis-related gene upregulation and glial transcriptional changes in hippocampal/MTL regions, focusing on molecular pathology rather than neural representations, multisensory integration, or state inference."
2026-08-28 11:52,no,Epigenetic Basis of Stress-Induced Central Nervous System Disorders: Therapeutic Approaches,Biology,https://doi.org/10.3390/biology15050378,2026-02-25,56,15,27,"This review focuses on epigenetic and molecular mechanisms of stress-related CNS disorders and their modulation, with only broad mention of hippocampal remodeling and no analysis of hippocampal/MTL representations, multisensory integration, or state inference computations."
2026-08-28 11:52,no,Functional transition of CA2 pyramidal neurons along the proximodistal axis determines resonance frequency preference,Scientific Reports,https://doi.org/10.1038/s41598-026-39754-3,2026-02-17,43,20,27,"This paper shows that intrinsic membrane properties and resonance frequency preferences of CA2 pyramidal neurons vary systematically along the proximodistal axis in organotypic slices, without addressing representations, multisensory integration, or state inference at the cognitive/task level."
2026-08-28 11:52,no,Locomotion-induced neural activity independent of auditory feedback in the mouse inferior colliculus,iScience,https://doi.org/10.1016/j.isci.2026.115057,2026-02-17,42,20,27,"This paper shows that neurons in the mouse inferior colliculus are robustly modulated by locomotion even when auditory feedback is eliminated, indicating non-auditory movement-related signals influence midbrain auditory activity, which is only tangentially related to hippocampal/MTL representations "
2026-08-28 11:52,no,Gami-Guibitang Attenuates Anxiety-like Behaviors and Modulates Hippocampal Synaptic Signaling in a Valproic Acid-Induced Mouse Model of Autism,Brain Sciences,https://doi.org/10.3390/brainsci16030259,2026-02-25,62,10,26,"This is a disease-focused, molecular/synaptic study of an herbal treatment in a VPA autism mouse model that measures hippocampal signaling proteins and anxiety-like behavior, without addressing hippocampal/MTL representations, multisensory integration, or state inference/belief updating."
2026-08-28 11:52,no,Involvement of D1- and D2-like dopamine receptors in the hippocampal CA1 region in mediating the restraint stress-induced analgesia in the rats,IBRO Neuroscience Reports,https://doi.org/10.1016/j.ibneur.2026.02.016,2026-02-21,50,15,26,"This paper shows that blocking D1- and D2-like dopamine receptors in hippocampal CA1 reduces restraint-stress-induced analgesia in rats, focusing on neuromodulatory control of stress-related pain rather than hippocampal representations, multisensory integration, or state inference."
2026-08-28 11:52,no,BDNF and NLRP3 signaling differentially regulate formation and retrieval of nitrous oxide (N2O)-related rewarding memory in dorsal hippocampus CA3 region,International Immunopharmacology,https://doi.org/10.1016/j.intimp.2026.116327,2026-02-08,40,20,26,"This paper shows that BDNF-TrkB-pAKT and microglia-NLRP3 signaling in dorsal CA3 differentially regulate formation vs retrieval of nitrous-oxide reward memory at a molecular/cellular level, without addressing hippocampal representations, multisensory integration, or state inference."
2026-08-28 11:52,no,Harmonized Protocol for Subfield Segmentation in the Hippocampal Body on High‐Resolution In Vivo MRI From the Hippocampal Subfields Group ( HSG ),Hippocampus,https://doi.org/10.1002/hipo.70073,2026-02-03,40,20,26,"This paper develops and validates an MRI segmentation protocol for hippocampal subfields, focusing on anatomical boundary definitions rather than functional representations, multisensory integration, or state inference."
2026-08-28 11:52,no,Graded extent of hippocampal resection is related to neuropsychological outcomes in temporal lobe epilepsy surgery,Epilepsia,https://doi.org/10.1002/epi.70162,2026-02-26,39,20,26,"This clinical epilepsy-surgery study relates hippocampal resection extent to neuropsychological memory outcomes, without addressing what hippocampal activity represents, multisensory integration, or state inference mechanisms."
2026-08-28 11:52,no,Hippocampal atrophy and functional plasticity underlie cognitive outcome in anti‐leucine‐rich glioma‐inactivated protein 1 encephalitis and their clinical correlates,Epilepsia,https://doi.org/10.1002/epi.70141,2026-02-12,39,20,26,"This is a clinical MRI/fMRI study of hippocampal atrophy and compensatory connectivity in LGI1 encephalitis patients, relating structure/FC to cognitive impairment, without addressing representational content, multisensory integration, or state inference mechanisms."
2026-08-28 11:52,no,Natural variations in maternal behavior shape anxiety and hippocampal neurogenesis in offspring,Life Science Alliance,https://doi.org/10.26508/lsa.202503419,2026-02-12,39,20,26,"This paper shows that natural variation in maternal care in inbred mice alters offspring anxiety levels and hippocampal/olfactory bulb neurogenesis, without addressing hippocampal representations, multisensory integration, or state inference mechanisms."
2026-08-28 11:52,no,NCKX4 regulates hippocampal Ca2+ homeostasis and contributes to contextual memory and anxiety-related behaviours,Cell Calcium,https://doi.org/10.1016/j.ceca.2026.103126,2026-02-12,39,20,26,"This paper shows that loss of the Ca2+ exchanger NCKX4 alters hippocampal Ca2+ clearance and leads to deficits in contextual memory and anxiety-related behavior, focusing on molecular/cellular mechanisms rather than representational content, multisensory integration, or state inference."
2026-08-28 11:52,no,Hilar mossy cell oxytocin receptor signaling regulates adult hippocampal neurogenesis and context discrimination in mice,Journal of Biomedical Science,https://doi.org/10.1186/s12929-026-01221-6,2026-02-12,39,20,26,"This paper shows that deleting oxytocin receptors from hilar mossy cells alters adult hippocampal neurogenesis and impairs contextual fear discrimination, focusing on molecular/cellular mechanisms rather than representational content, multisensory integration, or state inference."
2026-08-28 11:52,no,P7C3-A20 prevents whole brain radiotherapy-induced chronic hippocampal redox imbalance and neuropsychiatric impairment in mice,Redox Biology,https://doi.org/10.1016/j.redox.2026.104052,2026-02-11,39,20,26,"This paper shows that a neuroprotective compound (P7C3-A20) mitigates WBRT-induced oxidative stress and structural/behavioral hippocampal damage in mice, without addressing hippocampal representations, multisensory integration, or state inference mechanisms."
2026-08-28 11:52,no,Heterosynaptic Interactions between the Dorsal and Ventral Hippocampus in Individual Medium Spiny Neurons of the Nucleus Accumbens Ventromedial Shell,Journal of Neuroscience,https://doi.org/10.1523/jneurosci.1225-25.2026,2026-02-11,39,20,26,"This paper shows that dorsal and ventral hippocampal inputs anatomically converge onto the same nucleus accumbens neurons and exhibit heterosynaptic interactions at the synaptic/physiological level, without addressing hippocampal representations, multisensory integration, or state inference at the c"
2026-08-28 11:52,no,"Hippocampal estrogen levels, receptor types, and epigenetics contribute to sex-specific memory vulnerabilities to concurrent acute stresses",Neuron,https://doi.org/10.1016/j.neuron.2025.12.037,2026-02-03,39,20,26,"This paper examines how hippocampal estradiol levels, estrogen receptor subtypes, and chromatin states modulate sex-specific vulnerability of episodic memory to acute stress, focusing on molecular and epigenetic mechanisms rather than on hippocampal representations, multisensory integration, or stat"
2026-08-28 11:52,no,Aerobic Exercise Promotes Hippocampal Neurogenesis and Ameliorates Cognitive Dysfunction Induced by Unilateral Labyrinthectomy,CNS Neuroscience & Therapeutics,https://doi.org/10.1002/cns.70773,2026-02-01,39,20,26,"This paper shows that aerobic exercise reverses unilateral labyrinthectomy-induced cognitive deficits by restoring hippocampal neurogenesis and normalizing gene expression, focusing on molecular and neurogenic mechanisms rather than hippocampal representations, multisensory integration, or state inf"
2026-08-28 11:52,no,A primary auditory cortex-anterior cingulate cortex circuit underlying cross-modal visceral pain modulation,Nature Communications,https://doi.org/10.1038/s41467-026-69135-3,2026-02-04,65,10,26,"This mouse study identifies an auditory cortex–anterior cingulate circuit for stress-induced visceral pain and music-induced analgesia, without involving hippocampus/MTL, task-state inference, or multisensory state representation."
2026-08-28 11:52,no,Driver emotion regulation via ambient lighting and music: An EEG-based ergonomic evaluation for intelligent cockpit,Alexandria Engineering Journal,https://doi.org/10.1016/j.aej.2026.02.001,2026-02-01,65,10,26,"This EEG neuroergonomics study examines how ambient lighting and music modulate affect and driving performance via dlPFC, without involving hippocampus/MTL, navigation, or explicit state-inference/belief-updating mechanisms."
2026-08-28 11:52,no,Somatosensory Cortex Responses to Illusory Touch in a Visual-Tactile Integration Task,CUNY Academic Works (City University of New York),https://openalex.org/works/W7127551205,2026-02-01,41,20,26,"This paper shows that visually induced illusory touch engages secondary somatosensory and insular cortices similarly to real touch, without involving hippocampal/MTL representations or explicit state-inference mechanisms."
2026-08-28 11:52,no,"Association of glymphatic dysfunction, free water, white matter integrity and long-term memory performance in aging autistic adults",Molecular Autism,https://doi.org/10.1186/s13229-026-00705-4,2026-02-18,40,20,26,"This paper links MRI measures of glymphatic function, free water, and white-matter integrity (fornix/hippocampus) to episodic memory in aging autistic adults, without addressing what hippocampal/MTL activity represents, multisensory integration, or state inference mechanisms."
2026-08-28 11:52,no,Therapeutic Potential of Quercetin on A Rat Model of Radiation-Induced Brain Neurotoxicities: Insights from Behavioural and Biochemical Analyses.,PubMed,https://doi.org/10.22074/cellj.2025.2046460.1730,2026-02-17,40,20,26,"This paper shows that quercetin treatment mitigates radiation-induced hippocampal damage and spatial memory deficits in rats, as assessed by Morris water maze performance and biochemical/inflammatory markers, without addressing what hippocampal activity represents or how states are inferred."
2026-08-28 11:52,no,Memory consolidation deficits arise from CB1R-mediated structural–functional decoupling in inhibitory circuits,Neurobiology of Disease,https://doi.org/10.1016/j.nbd.2026.107335,2026-02-26,39,20,26,"This paper shows that REM sleep deprivation impairs hippocampal memory consolidation via CB1R-dependent structural and functional changes in CA1 inhibitory synapses, altering E/I balance and synaptic release dynamics, without addressing representational content, multisensory integration, or state in"
2026-08-28 11:52,no,Effect of Astaxanthin on Hippocampal Neuroinflammation in Aging Mice Fed a High-Fat Diet,Journal of Evolutionary Biochemistry and Physiology,https://doi.org/10.1134/s0022093026010084,2026-02-01,60,10,25,"This paper examines how astaxanthin and a high-fat diet affect hippocampal neuroinflammation and memory in aging mice, focusing on molecular and inflammatory markers rather than on hippocampal representations, multisensory integration, or state inference mechanisms."
2026-08-28 11:52,no,Emergence of microglia structural and functional heterogeneity between hippocampal subregions during development into early adulthood,bioRxiv (Cold Spring Harbor Laboratory),https://doi.org/10.64898/2026.02.04.703826,2026-02-05,59,10,25,"This paper shows developmental and subregion-specific differences in microglial morphology and phagocytic activity within hippocampal layers, without addressing neural representations, multisensory integration, or state inference."
2026-08-28 11:52,no,Global remapping of the sensory homunculus emerges early in childhood development,Nature Communications,https://doi.org/10.1038/s41467-025-66539-5,2026-02-24,49,15,25,"This developmental neuroimaging study shows large-scale, early-established remapping of primary somatosensory cortex in children with congenital limb absence, driven by deprivation-related and use-dependent plasticity, without addressing hippocampal/MTL representations, multisensory state inference,"
2026-08-28 11:52,no,A Single-Cell Perspective on Remapping Human Adult Neurogenesis and Its Clinical Implications,Biomolecules,https://doi.org/10.3390/biom16020331,2026-02-22,48,15,25,"This review uses single-cell RNA-seq to characterize cellular and molecular aspects of adult human hippocampal neurogenesis and disease-related changes, without addressing hippocampal/MTL representations, multisensory integration, or state inference at the computational/cognitive level."
2026-08-28 11:52,no,Hippocampal glial alterations are associated with Lamin B1 dysregulation and abnormal nuclear morphology in a rat model of fragile X syndrome,Neurobiology of Disease,https://doi.org/10.1016/j.nbd.2026.107304,2026-02-04,48,15,25,"This paper shows that loss of Fmrp in a rat Fragile X model causes non-inflammatory microglial and astrocytic changes plus Lamin B1-related nuclear abnormalities in hippocampal glia, without addressing hippocampal representations, multisensory integration, or state inference."
2026-08-28 11:52,no,Sex difference in stress susceptibility and resilience in a restraint stress-induced depression mouse model: A proteomic investigation of the hippocampal dentate gyrus,Physiology & Behavior,https://doi.org/10.1016/j.physbeh.2026.115288,2026-02-21,40,18,25,"This paper examines sex differences in stress-induced depression via proteomic changes in the hippocampal dentate gyrus, focusing on molecular stress/depression mechanisms rather than hippocampal representations, multisensory integration, or state inference."
2026-08-28 11:52,no,Vagus nerve stimulation enhances memory and long-term potentiation via the hippocampal NE/β-AR signaling pathway in pilocarpine rats,Brain Research Bulletin,https://doi.org/10.1016/j.brainresbull.2026.111789,2026-02-25,38,20,25,"This paper shows that vagus nerve stimulation rescues memory performance and hippocampal LTP in an epileptic rat model via norepinephrine/β-adrenergic signaling, focusing on molecular and synaptic mechanisms rather than hippocampal representations, multisensory integration, or state inference."
2026-08-28 11:52,no,Translational reprogramming of dentate gyrus peptidergic circuitry gates antidepressant efficacy,Molecular Psychiatry,https://doi.org/10.1038/s41380-026-03461-2,2026-02-03,38,20,25,"This paper shows that chronic fluoxetine induces cell type-specific translational changes in dentate gyrus mossy cells, upregulating PACAP signaling that drives antidepressant-related plasticity and behavior, without addressing hippocampal representations, multisensory integration, or state inferenc"
2026-08-28 11:52,no,"Contextual Fear Conditioning Selectively Increases Levels of Arc and c-Fos Proteins in the Dorsal, but not the Ventral Hippocampus",Neurochemical Research,https://doi.org/10.1007/s11064-026-04683-0,2026-02-01,38,20,25,"This paper shows that contextual fear conditioning increases expression of plasticity-related proteins (Arc and c-Fos) selectively in dorsal, but not ventral, hippocampus, indicating region-specific molecular activation rather than detailing representational content or state inference mechanisms."
2026-08-28 11:52,no,"Review for ""Reward History and Multisensory Signals Interact in a Localisation Task""",Unknown,https://doi.org/10.1177/17470218261452613/v2/review2,2026-02-24,24,25,25,"This paper shows that previously learned reward associations with visual stimuli interact with whether targets and distractors are uni- or multisensory to modulate reaction times in a speeded localization task, without addressing hippocampal/MTL representations or explicit state inference mechanisms"
2026-08-28 11:52,no,Effects of Neonatal Deafness on Central Tonotopic Organization in Rats: An Electrophysiological Study,Clinical and Experimental Otorhinolaryngology,https://doi.org/10.21053/ceo.2025-00328,2026-02-04,72,5,25,"This paper shows how neonatal deafness alters tonotopic organization and spatial tuning in the rat inferior colliculus in response to cochlear stimulation, without addressing hippocampal/MTL representations, multisensory integration, or state inference."
2026-08-28 11:52,no,Changes in microglial morphologies during brain aging in common marmosets,Brain Structure and Function,https://doi.org/10.1007/s00429-026-03082-z,2026-02-17,49,15,25,"This paper quantifies age- and sex-related changes in microglial morphology in hippocampal and entorhinal regions of marmosets, without addressing neural representations, multisensory integration, or state inference/belief updating."
2026-08-28 11:52,no,SATB1 Exhibits a Protective Role in HAmylin‐ Oligomer‐Induced Neuronal Damage and Cognition Decline,CNS Neuroscience & Therapeutics,https://doi.org/10.1002/cns.70781,2026-02-01,48,15,25,"This paper studies molecular and cellular protective mechanisms (SATB1–AKT3) against hAmylin-induced hippocampal neuronal damage and cognitive decline, without addressing hippocampal/MTL representations, multisensory integration, or state inference."
2026-08-28 11:52,no,"Association of hippocampus, entorhinal cortex, and amygdala with thyroid function: a bilateral volumetric analysis",Thyroid Research,https://doi.org/10.1186/s13044-026-00289-4,2026-02-23,57,10,24,"This is a clinical volumetric study linking thyroid-stimulating hormone levels to hippocampal and entorhinal cortex volumes in aging/MCI, without addressing neural representations, multisensory integration, or state inference mechanisms."
2026-08-28 11:52,no,cryo electron tomography of mouse hippocampal CA1 stratum radiatum - dataset 6,EMPIAR dataset,https://doi.org/10.6019/empiar-13302,2026-02-14,57,10,24,"This is a technical cryo-EM dataset description of hippocampal CA1 ultrastructure, without analysis of neural representations, multisensory integration, or state inference/belief updating."
2026-08-28 11:52,no,cryo electron tomography of mouse hippocampal CA1 stratum radiatum - dataset 5,EMPIAR dataset,https://doi.org/10.6019/empiar-13301,2026-02-10,57,10,24,"This is a technical cryo-EM imaging dataset of hippocampal CA1 tissue structure, without analysis of neural representations, multisensory integration, or state inference."
2026-08-28 11:52,no,cryo electron tomography of mouse hippocampal CA1 stratum radiatum - dataset 1,EMPIAR dataset,https://doi.org/10.6019/empiar-13289,2026-02-10,57,10,24,"This is a technical cryo-ET dataset paper on ultrastructural imaging of CA1 stratum radiatum, without analysis of neural representations, multisensory integration, or state inference/belief updating."
2026-08-28 11:52,no,Metabolomic Insights into Reprogrammed Caffeine Metabolism in the Hippocampus of Myofascial Pain Syndrome Rats,Journal of Pain Research,https://doi.org/10.2147/jpr.s557588,2026-02-01,57,10,24,"This paper examines histopathology, neuronal excitability (c-fos), and metabolomic changes in the hippocampus in a rat myofascial pain model, without addressing hippocampal representations, multisensory integration, or state inference/belief updating."
2026-08-28 11:52,no,Neuronal Cholesterol Deficiency Mediated by Astrocytic SREBP2 Downregulation Leads to Postoperative Cognitive Dysfunction Through Impairment of Hippocampal Synaptic Plasticity and Excitatory Synaptic Transmission,Advanced Science,https://doi.org/10.1002/advs.202519874,2026-02-12,39,18,24,"This paper studies astrocytic SREBP2-mediated cholesterol deficiency and its impact on hippocampal synaptic plasticity and postoperative cognitive dysfunction, without addressing hippocampal/MTL representations, multisensory integration, or state inference/belief updating."
2026-08-28 11:52,no,LRP1 in Adult-Born Neural Stem Cells Modulates Neurogenesis and Hippocampal Memory,Cells,https://doi.org/10.3390/cells15050435,2026-02-28,35,20,24,"This paper shows that knocking out LRP1 in adult-born hippocampal neural stem cells alters neurogenesis and impairs hippocampal-dependent memory, focusing on molecular/cellular regulation rather than representational content, multisensory integration, or state inference."
2026-08-28 11:52,no,Cerebral bases of audiovisual temporal binding window: an awake surgery study,bioRxiv (Cold Spring Harbor Laboratory),https://doi.org/10.64898/2026.02.03.703504,2026-02-05,33,20,24,"Using direct electrical stimulation during awake surgery, this study identifies right parietal and supplementary motor cortical sites that causally disrupt audiovisual simultaneity judgments, without involving hippocampus/MTL or state inference mechanisms."
2026-08-28 11:52,no,"Comparative effects of voluntary and forced exercise on cognitive performance, thyroid function, and hippocampal integrity in a rat model of post-traumatic stress disorder",IBRO Neuroscience Reports,https://doi.org/10.1016/j.ibneur.2026.02.015,2026-02-21,20,25,24,"This paper examines how voluntary versus forced exercise affect PTSD-related memory deficits, thyroid hormones, and gross hippocampal neuronal density in rats, without addressing what hippocampal activity represents, multisensory integration, or neural mechanisms of state inference/belief updating."
2026-08-28 11:52,no,Editorial: The human neuroscience of music therapy in neurodegenerative diseases,Frontiers in Human Neuroscience,https://doi.org/10.3389/fnhum.2026.1800758,2026-02-19,57,10,24,"This editorial discusses rhythmic auditory stimulation and music therapy effects on motor control and Parkinson’s disease, without addressing hippocampal/MTL representations, multisensory integration, or neural mechanisms of state inference/belief updating."
2026-08-28 11:52,no,α 5 -GABA A allosteric modulation triggers and prolongs dopamine neuronal activity via AMPA receptors,Journal of Psychopharmacology,https://doi.org/10.1177/02698811251405691,2026-02-17,57,10,24,"This paper shows that blocking α5-GABAA receptors with L-655,708 alters hippocampal NMDA responsiveness and increases VTA dopamine neuron population activity, focusing on receptor-level modulation and monoaminergic firing rather than hippocampal/MTL representations, multisensory integration, or stat"
2026-08-28 11:52,no,Robust Representation and Nonlinear Spectral Integration of Harmonic Stacks in Layer 4 of the Mouse Primary Auditory Cortex,eNeuro,https://doi.org/10.1523/eneuro.0038-26.2026,2026-02-27,56,10,24,"This paper shows that neurons in mouse primary auditory cortex layer 4 exhibit nonlinear, harmonic-specific responses to complex sounds, without addressing hippocampal/MTL representations, multisensory integration, or state inference."
2026-08-28 11:52,no,Effects of Chronic 100 mg/kg Cannabidiol Treatment in Male Double Transgenic APPSwe/PS1∆E9 Mice,Pharmaceuticals,https://doi.org/10.3390/ph19030374,2026-02-27,56,10,24,"This is an Alzheimer’s disease mouse study on chronic cannabidiol effects on social recognition, inflammation, and pathology, without addressing hippocampal/MTL representations, multisensory integration, or state inference mechanisms."
2026-08-28 11:52,no,Conceptualizing the studies of time perception in spinal cord injury,Frontiers in Integrative Neuroscience,https://doi.org/10.3389/fnint.2026.1711553,2026-02-13,56,10,24,"This is a conceptual/clinical review about how spinal cord injury might alter time perception, without data or theory on hippocampal/MTL representations, multisensory integration in MTL, or neural state inference/belief updating."
2026-08-28 11:52,no,The dual G9a inhibitor and histamine H3 receptor antagonist A-366 improves repetitive and social behaviors and attenuates neuroinflammation in BTBR T + tf/J mice,Scientific Reports,https://doi.org/10.1038/s41598-026-38481-z,2026-02-03,56,10,24,"This is a pharmacological autism-model mouse study on behavioral rescue and neuroinflammation, with only coarse hippocampal cytokine measures and no analysis of hippocampal/MTL representations, multisensory integration, or state inference."
2026-08-28 11:52,no,Chidamide Is Screened to Suppress Epileptogenesis in Mice Models via Blocking Histone Deacetylase 1,CNS Neuroscience & Therapeutics,https://doi.org/10.1002/cns.70805,2026-02-01,55,10,24,"This paper shows that the HDAC inhibitor chidamide reduces epileptogenesis in mouse models by inhibiting neuronal HDAC1 in hippocampus, focusing on molecular/clinical mechanisms rather than hippocampal representations, multisensory integration, or state inference."
2026-08-28 11:52,no,Two senses are better than one: Enhanced orienting to bimodal cues at short cue-target onset asynchronies,Acta Psychologica,https://doi.org/10.1016/j.actpsy.2026.106378,2026-02-07,44,15,24,"This paper shows that in a Posner cueing task, bimodal (audiovisual) cues produce larger spatial validity effects than unimodal or crossmodal cues at very short cue–target intervals, indicating enhanced early exogenous orienting, without addressing hippocampal/MTL representations or state inference."
2026-08-28 11:52,no,Overtone Singing as Natural Theta–Gamma Cross-Frequency Neuromodulation,Zenodo (CERN European Organization for Nuclear Research),https://doi.org/10.5281/zenodo.18681102,2026-02-18,42,15,23,"This is a speculative proposal about overtone singing as a way to modulate cortical theta–gamma coupling, without data on hippocampal/MTL representations, multisensory state inference, or belief updating mechanisms."
2026-08-28 11:52,no,Hippocampal growth and function are reduced in the newborn following fetal growth restriction,Brain,https://doi.org/10.1093/brain/awag061,2026-02-19,30,20,23,"This paper shows that fetal growth restriction impairs postnatal hippocampal growth and dendritic development (and associated memory) in newborn lambs and humans, focusing on developmental and structural deficits rather than on hippocampal representations, multisensory integration, or state inferenc"
2026-08-28 11:52,no,Additional materials for manuscript: hippocampus in central place foraging,Open MIND,https://doi.org/10.17605/osf.io/e2jur,2026-02-17,30,20,23,"This preregistration and analysis supplement concerns how free-ranging avian foraging movement patterns relate to visual system versus hippocampal attributes, without addressing hippocampal/MTL representations, multisensory integration, or state inference mechanisms in any depth."
2026-08-28 11:52,no,Neuropsychological correlations with fornix and hippocampus in temporal lobe epilepsy demonstrated with diffusion tensor imaging,Epilepsia Open,https://doi.org/10.1002/epi4.70223,2026-02-12,30,20,23,"This is a clinical DTI study in temporal lobe epilepsy linking fornix/hippocampal structural integrity to broad neuropsychological memory and processing speed measures, without addressing what hippocampal/MTL activity represents, multisensory integration, or state inference mechanisms."
2026-08-28 11:52,no,Microstructural variation of hippocampal substructures across childhood and adolescence quantified with high-gradient diffusion MRI,Communications Biology,https://doi.org/10.1038/s42003-026-09622-x,2026-02-12,30,20,23,"This paper uses diffusion MRI to characterize developmental microstructural changes in the hippocampus during childhood and adolescence, without addressing hippocampal representations, multisensory integration, or state inference/belief updating."
2026-08-28 11:52,no,Additional Figures and Output: 2021 Frontiers Neural Circuits and Hippocampus papers,OSF Preprints (OSF Preprints),https://openalex.org/works/W7128752988,2026-02-11,30,20,23,"This is a technical supplement with extra figures and simulation outputs for a CA1 microcircuit modeling paper, focusing on circuit-level implementation rather than hippocampal representations, multisensory integration, or state inference."
2026-08-28 11:52,no,"Scripts for Ripples analysis of ""Pro-cognitive restoration of experience-dependent parvalbumin inhibitory neuron plasticity in neurodevelopmental disorders""",Zenodo (CERN European Organization for Nuclear Research),https://doi.org/10.5281/zenodo.18496478,2026-02-05,30,20,23,"This is a methods/pipeline script for hippocampal LFP sleep scoring and ripple detection in a neurodevelopmental-disorder context, without addressing what hippocampal activity represents, multisensory integration, or state inference/belief updating."
2026-08-28 11:52,no,Ecological Drivers of Dorsal Dentate Gyrus Folding and Hemispheric Asymmetry in Wild Octodon: New Insights from Sobrero et al. (2016),Brain Behavior and Evolution,https://doi.org/10.1159/000550871,2026-02-05,30,20,23,"This paper analyzes dorsal dentate gyrus folding and hemispheric asymmetry as an anatomical marker of plasticity in wild rodents, without addressing what hippocampal/MTL activity represents, multisensory integration, or neural mechanisms of state inference and belief updating."
2026-08-28 11:52,no,medical deposit part 2,Zenodo (CERN European Organization for Nuclear Research),https://doi.org/10.5281/zenodo.19697344,2026-02-15,64,5,23,"This is a speculative therapeutic/drug-delivery proposal for Alzheimer’s treatment and does not present any data or analysis on hippocampal/MTL representations, multisensory integration, or state inference/belief updating."
2026-08-28 11:52,no,The Role of Carnosine in the Management of Type 2 Diabetes Mellitus induced Cognitive Impairment in Mice,RMIT,https://doi.org/10.25439/rmt.32151586,2026-02-27,53,10,23,"This is a diabetes-focused molecular/behavioral study on carnosine’s protective effects against T2DM-induced cognitive impairment, not on hippocampal/MTL representations, multisensory integration, or state inference mechanisms."
2026-08-28 11:52,no,Mapping Brain-Behavior relationships across the adult lifespan using multimodal MRI,bonndoc (University of Bonn),https://openalex.org/works/W7129188198,2026-02-12,43,15,23,"This thesis uses multimodal MRI to relate large-scale brain structure and resting-state network organization to age-related changes in cognition, olfaction, and motor function, without addressing hippocampal/MTL representations, multisensory state inference, or belief updating mechanisms."
2026-08-28 11:52,no,The Relationship Between Hippocampal Cerebrovascular Reactivity and Brain Structure in Older Age,Human Brain Mapping,https://doi.org/10.1002/hbm.70445,2026-02-15,51,10,22,"This is a clinical/vascular aging study linking hippocampal cerebrovascular reactivity to structural MRI measures, without addressing neural representations, multisensory integration, or state inference."
2026-08-28 11:52,no,"Diverse and location-specific roles of PlexinA2, PlexinA4, and NCAM in developing hippocampal mossy fibers",Translational Psychiatry,https://doi.org/10.1038/s41398-026-03846-5,2026-02-12,49,10,22,"This paper dissects molecular and developmental mechanisms guiding mossy fiber axon targeting and fasciculation in hippocampus, without addressing neural representations, multisensory integration, or state inference/belief updating."
2026-08-28 11:52,no,Traumatic brain injury has a lasting impact on hippocampal neurogenesis and Notch1 is involved in regulating this injury response,bioRxiv (Cold Spring Harbor Laboratory),https://doi.org/10.64898/2026.02.03.703567,2026-02-05,49,10,22,"This paper shows that traumatic brain injury alters dentate gyrus neurogenesis via Notch1-dependent regulation of neural stem cell proliferation and differentiation, without addressing hippocampal representations, multisensory integration, or state inference at the cognitive/computational level."
2026-08-28 11:52,no,GABA B Receptor signaling in CA1 Pyramidal Cells is not Regulated by Aging in the APP/PS1 Mouse Model of Amyloid Pathology,eNeuro,https://doi.org/10.1523/eneuro.0099-23.2025,2026-02-01,49,10,22,"This is a molecular/synaptic physiology study of GABAB receptor signaling in CA1 pyramidal cells in an Alzheimer’s mouse model, not about hippocampal representations, multisensory integration, or state inference/belief updating."
2026-08-28 11:52,no,Overexpression of FoxO3a in the dentate gyrus alleviates CUS-induced anxiety- and depression-like behaviors and cognitive impairment,Behavioral and Brain Functions,https://doi.org/10.1186/s12993-026-00319-z,2026-02-01,39,15,22,"This paper shows that overexpressing the transcription factor FoxO3a in dentate gyrus reduces stress-induced anxiety/depression-like behaviors and cognitive impairment via molecular/oxidative-stress mechanisms, without addressing hippocampal representations, multisensory integration, or state infere"
2026-08-28 11:52,no,Expression of Concern: Anti-apoptotic and neurogenic properties in the hippocampus as possible mechanisms for learning and memory improving impacts of vitamin D in hypothyroid rats during the growth period [Life Sciences 312 (2023) 121209],Life Sciences,https://doi.org/10.1016/j.lfs.2026.124278,2026-02-16,38,15,22,"This is a developmental, molecular/cellular study on vitamin D’s effects on hippocampal apoptosis and neurogenesis in hypothyroid rats, not on hippocampal representations, multisensory integration, or state inference."
2026-08-28 11:52,no,"Kainate receptors are critical for permissivity to sustained, disorganized, and network-wide pathological activity in the epileptic dentate gyrus",bioRxiv (Cold Spring Harbor Laboratory),https://doi.org/10.64898/2026.02.11.705397,2026-02-13,38,15,22,"This paper uses a dentate gyrus network model to show how kainate receptor–mediated slow EPSPs and persistent sodium currents promote and sustain disorganized epileptiform activity, without addressing cognitive representations, multisensory integration, or state inference."
2026-08-28 11:52,no,Enhanced prediction of mild cognitive impairment in type 2 diabetes mellitus using a structural MRI model incorporating radiomic features from hippocampal subfields,Journal of Alzheimer s Disease,https://doi.org/10.1177/13872877261422272,2026-02-24,28,20,22,"This paper uses hippocampal subfield radiomic features from structural MRI to improve classification of mild cognitive impairment in type 2 diabetes patients, without addressing what hippocampal/MTL activity represents, multisensory integration, or state inference mechanisms."
2026-08-28 11:52,no,Sleep deprivation alters hippocampal dendritic spines in a contextual fear memory engram,Scientific Reports,https://doi.org/10.1038/s41598-026-41336-2,2026-02-24,28,20,22,"This paper shows that post-learning sleep deprivation selectively reduces mushroom spine density on hippocampal neurons tagged as part of a contextual fear engram, focusing on structural plasticity rather than representational content, multisensory integration, or state inference."
2026-08-28 11:52,no,Cortical Versus Hippocampal Organoids: A Tale of Two Cities,Epiliepsy currents/Epilepsy currents,https://doi.org/10.1177/15357597261421130,2026-02-04,28,20,22,"This paper uses iPSC-derived cortical and hippocampal assembloids to study region-specific network dysfunction in a genetic epilepsy model, focusing on hyperexcitability and cellular organization rather than hippocampal representations, multisensory integration, or state inference."
2026-08-28 11:52,no,The Potential Anti Stress-like Properties of Escitalopram on Improvement of Spatial Memory in Rats Subjected to Predictable and Unpredictable Chronic Mild Stress,Advanced Biomedical Research,https://doi.org/10.4103/abr.abr_654_24,2026-02-01,25,20,22,"This paper shows that chronic stress impairs spatial memory and reduces hippocampal weight in rats, and that escitalopram partially rescues spatial performance under predictable (but not unpredictable) stress, without addressing hippocampal representations, multisensory integration, or state inferen"
2026-08-28 11:52,no,Low-Intensity Pulsed Ultrasound in Peripheral and Central Nerve Repair: Mechanisms and Emerging Therapeutic Strategies,Journal of Functional Biomaterials,https://doi.org/10.3390/jfb17030113,2026-02-26,63,5,22,"This review focuses on how low-intensity pulsed ultrasound modulates cellular and molecular processes to promote peripheral and central nerve repair, without addressing hippocampal/MTL representations, multisensory integration, or neural mechanisms of state inference and belief updating."
2026-08-28 11:52,no,Tricholoma matsutake Protein as a Novel Cognitive Supportive Nutrient: Identification and Molecular Interaction Mechanism Study of Memory-Enhancing Peptides,Journal of Agricultural and Food Chemistry,https://doi.org/10.1021/acs.jafc.5c15371,2026-02-18,51,10,22,"This paper shows that dietary Tricholoma matsutake protein and derived peptides improve mouse memory performance and hippocampal morphology/biochemical markers, focusing on nutritional and molecular mechanisms rather than hippocampal representations, multisensory integration, or state inference."
2026-08-28 11:52,no,A model of new-onset refractory status epilepticus (NORSE) using intrahippocampal kainic acid in adolescent mice,Epilepsy Research,https://doi.org/10.1016/j.eplepsyres.2026.107754,2026-02-24,49,10,22,"This paper establishes an intrahippocampal kainic acid mouse model of NORSE and characterizes seizures, neuroinflammation, cell death, immune infiltration, and gross behavioral deficits, without addressing hippocampal representations, multisensory integration, or state inference/belief updating mech"
2026-08-28 11:52,no,The Neural Organization of Visual Information in the Auditory Cortex of the Congenitally Deaf,Human Brain Mapping,https://doi.org/10.1002/hbm.70444,2026-02-01,49,10,22,"This paper uses fMRI to study cross-modal visual responses (mostly negative BOLD) in auditory cortex of congenitally deaf individuals, without involving hippocampus/MTL, task-state inference, or belief updating."
2026-08-28 11:52,no,Single-nucleus atlas provides insights into changes in the evolution of the pig hippocampus,BMC Biology,https://doi.org/10.1186/s12915-026-02560-4,2026-02-25,48,10,21,"This is a single-nucleus transcriptomic and gene-regulation atlas of pig hippocampus across breeds, focusing on cell types, transcription factors, and stress/behavior-related genes, without addressing neural representations, multisensory integration, or state inference at the systems/cognitive level"
2026-08-28 11:52,no,VPA targets Mid1 to improve disrupted retrograde axonal transport in hippocampal neurons and alleviate lithium manganate-induced learning and memory dysfunction,Journal of Advanced Research,https://doi.org/10.1016/j.jare.2026.01.081,2026-02-01,48,10,21,"This paper examines molecular mechanisms of lithium manganate neurotoxicity and valproic acid rescue in hippocampal neurons (Mid1, dynein, axonal transport), not hippocampal representations, multisensory integration, or state inference/belief updating."
2026-08-28 11:52,no,Olanzapine Attenuates the Morphine‐Induced Conditioned Place Preference: The Involvement of the D2‐Like Dopamine Receptors,Brain and Behavior,https://doi.org/10.1002/brb3.71289,2026-02-27,47,10,21,"This paper shows that olanzapine, a D2-like dopamine receptor antagonist, reduces morphine-induced conditioned place preference and downregulates hippocampal D2 receptor expression, focusing on addiction-related pharmacology rather than hippocampal representations, multisensory integration, or state"
2026-08-28 11:52,no,Investigation of autophagy-activating molecules in a glia-specific Spinocerebellar ataxia type 1 model,bioRxiv (Cold Spring Harbor Laboratory),https://doi.org/10.64898/2026.02.23.707351,2026-02-23,47,10,21,"This paper tests small-molecule autophagy activators in glia-specific SCA1 models (including hippocampal glia cultures) and reports effects on autophagy, response times, and survival, without addressing hippocampal/MTL representations, multisensory integration, or state inference/belief updating."
2026-08-28 11:52,no,Ido1 and Ido2 deficiencies attenuate kainic acid-induced ictogenesis,Brain Research,https://doi.org/10.1016/j.brainres.2026.150204,2026-02-14,47,10,21,"This is a molecular/epilepsy study on Ido1/Ido2 knockout effects on kainic-acid–induced seizures and inflammation, not on hippocampal representations, multisensory integration, or state inference."
2026-08-28 11:52,no,Exploration of the Role of EZH2 and BRD4 in the Transcriptional Dysregulation of Epileptogenesis in Epilepsy,Open MIND,https://doi.org/10.25419/rcsi.24446548,2026-02-12,47,10,21,"This paper investigates epigenetic regulators (EZH2, BRD4) and transcriptional dysregulation in temporal lobe epilepsy, focusing on molecular mechanisms of epileptogenesis rather than hippocampal/MTL representations, multisensory integration, or state inference."
2026-08-28 11:52,no,"Exosome-mediated neuroprotection in vascular dementia: Mechanisms, molecular pathways, and therapeutic prospects",Molecular and Cellular Probes,https://doi.org/10.1016/j.mcp.2026.102066,2026-02-19,46,10,21,"This review focuses on exosome-based molecular and therapeutic mechanisms in vascular dementia, with only incidental mention of hippocampal damage and no analysis of hippocampal/MTL representations, multisensory integration, or state inference/belief updating."
2026-08-28 11:52,no,Turning a growth cone into a synapse: Molecular and cellular mechanisms underlying the wiring of neurons,Open MIND,https://doi.org/10.48565/bonndoc-790,2026-02-19,46,10,21,"This paper examines molecular and cytoskeletal mechanisms of axon growth and maturation in cultured hippocampal neurons, without addressing hippocampal/MTL representations, multisensory integration, or state inference/belief updating at the systems or cognitive level."
2026-08-28 11:52,no,Early HMGB1 Inhibition Reduces Hippocampal Injury During Adolescence in a Young Mouse Model of Radiation-Induced Brain Injury,Cellular and Molecular Neurobiology,https://doi.org/10.1007/s10571-026-01683-0,2026-02-10,44,10,20,"This paper shows that pharmacological inhibition of HMGB1 reduces radiation-induced neuroinflammation and hippocampal damage in young mice, improving later spatial memory performance, without addressing what hippocampal activity represents or how states are inferred."
2026-08-28 11:52,no,Applying Narrative Therapy to Trauma Treatment Based on Neuroplasticity : Focusing on the Interaction Between the Hippocampus and the Amygdala,Theology and praxis,https://doi.org/10.14387/jkspth.2026.98.167,2026-02-28,20,20,20,"This is a clinical/theoretical paper on applying narrative therapy to trauma, using very high-level hippocampus–amygdala concepts, and does not investigate hippocampal/MTL representations, multisensory integration, or formal state inference/belief updating mechanisms."
2026-08-28 11:52,no,The ventral/anterior hippocampus as a central hub for stress-related dopaminergic circuit dysfunction in psychiatric disorders,Molecular Psychiatry,https://doi.org/10.1038/s41380-026-03513-7,2026-02-26,20,20,20,"This review focuses on stress-related ventral hippocampal dysfunction and its impact on dopaminergic circuits and psychiatric disorders, not on hippocampal representations, multisensory integration, or state inference mechanisms."
2026-08-28 11:52,no,"Partner separation and sex contribute to anxiety-like behavior, but partner separation alone amplifies hippocampal inflammation following immune challenge",Brain Behavior and Immunity,https://doi.org/10.1016/j.bbi.2026.106508,2026-02-24,20,20,20,"This paper shows that social partner separation in California mice enhances LPS-induced hippocampal inflammatory responses and anxiety-like behavior, focusing on neuroimmune and stress effects rather than hippocampal representations, multisensory integration, or state inference."
2026-08-28 11:52,no,"Review for ""Domperidone Modulates Hippocampal D2 Expression, Facilitates Extinction, and Attenuates Morphine-Induced Conditioned Place Preference in Rats""",Unknown,https://doi.org/10.1111/ejn.70510/v2/review1,2026-02-24,20,20,20,"This paper shows that peripheral D2 receptor blockade with domperidone reduces morphine-induced conditioned place preference and alters hippocampal D2 receptor expression, focusing on dopaminergic modulation of reward rather than hippocampal representations or state inference."
2026-08-28 11:52,no,Ventral hippocampal NPY interneurons regulate circadian feeding in mice,Neuron,https://doi.org/10.1016/j.neuron.2025.12.034,2026-02-19,20,20,20,"This paper shows that a specific ventral hippocampal interneuron population (NPY-expressing cells) modulates circadian feeding via phase-dependent NPY vs GABA signaling and defined hypothalamic and subicular connections, focusing on metabolic and circadian regulation rather than cognitive representa"
2026-08-28 11:52,no,"Decision letter for ""Long-term hippocampal alterations and cognitive impairment in a murine model of surgical sepsis""",Unknown,https://doi.org/10.1002/2211-5463.70240/v3/decision1,2026-02-16,20,20,20,"This paper examines long-term hippocampal alterations and cognitive impairment after surgical sepsis in mice, focusing on disease-related changes rather than representational content, multisensory integration, or state inference mechanisms."
2026-08-28 11:52,no,"Author response for ""Long-term hippocampal alterations and cognitive impairment in a murine model of surgical sepsis""",Unknown,https://doi.org/10.1002/2211-5463.70240/v3/response1,2026-02-13,20,20,20,"This paper examines long-term hippocampal alterations and cognitive impairment after surgical sepsis in mice, focusing on disease-related changes rather than on what hippocampal/MTL activity represents, multisensory integration, or state inference mechanisms."
2026-08-28 11:52,no,Pyk2-PSD95 activation alleviates cognitive dysfunction by modulation of hippocampal synaptic structural plasticity via NMDAR2A in mice with neuropathic pain,Neuropharmacology,https://doi.org/10.1016/j.neuropharm.2026.110875,2026-02-12,20,20,20,"This paper examines molecular and synaptic mechanisms (Pyk2–PSD95–NMDAR2A signaling and dendritic spine changes) underlying hippocampal-dependent cognitive deficits in neuropathic pain, without addressing what hippocampal activity represents, multisensory integration, or state inference/belief updat"
2026-08-28 11:52,no,Cortical thinning and hippocampal expansion as brain signatures of attention deficit hyperactivity disorder symptom trajectories,Nature Mental Health,https://doi.org/10.1038/s44220-025-00578-1,2026-02-10,20,20,20,"This longitudinal clinical MRI study links macroscopic cortical thinning and hippocampal volume changes to ADHD symptom trajectories, without addressing what hippocampal/MTL activity represents, multisensory integration, or neural mechanisms of state inference/belief updating."
2026-08-28 11:52,no,Cognitive improvement and hippocampal BDNF/GFAP alterations by Schinus molle essential oil in a rat model of scopolamine-induced amnesia,Journal of Ethnopharmacology,https://doi.org/10.1016/j.jep.2026.121309,2026-02-01,20,20,20,"This paper tests a plant essential oil’s effects on scopolamine-induced memory deficits and hippocampal BDNF/GFAP levels in rats, without addressing what hippocampal/MTL activity represents, multisensory integration, or state inference/belief updating."
2026-08-28 11:52,no,Fast-ripples are emergent properties of neuronal networks,bioRxiv (Cold Spring Harbor Laboratory),https://doi.org/10.64898/2026.02.15.706005,2026-02-17,19,20,20,"This paper shows that most hippocampal fast-ripple events in epilepsy largely reflect stochastic, chance aggregation of spikes modulated by brain state rather than distinct pathological network computations or representations."
2026-08-28 11:52,no,Age-related decline in temporal sound processing: insights from envelope steepness map in the mouse auditory cortex,Frontiers in Aging Neuroscience,https://doi.org/10.3389/fnagi.2026.1730629,2026-02-19,56,5,20,"This paper shows that aging mice exhibit reduced cortical sensitivity to the temporal envelope steepness of sounds in auditory cortex, with no involvement of hippocampus/MTL, multisensory integration, or state inference."
2026-08-28 11:52,no,A Multimodal Dataset for Neurophysiological and AI Applications,Scientific Data,https://doi.org/10.1038/s41597-026-06758-7,2026-02-12,45,10,20,"This paper introduces a multimodal ADHD EEG/eye-tracking/physiology dataset for biomarker discovery and classification, without addressing hippocampal/MTL representations, multisensory integration, or neural state inference mechanisms."
2026-08-28 11:52,no,Sono-mechanical nanostructures-enabled sustained precise ultrasound brain stimulation,Nature Communications,https://doi.org/10.1038/s41467-026-69710-8,2026-02-23,43,10,20,"This is a methods/neuromodulation paper showing that hollow silica nanostructures can locally amplify ultrasound to enable sustained, precise stimulation of deep brain regions in mice, with no focus on hippocampal/MTL representations, multisensory integration, or state inference."
2026-08-28 11:52,no,Selective impairment of auditory discrimination in critically ill patients with delirium: a prospective electroencephalographic observational study,BJA Open,https://doi.org/10.1016/j.bjao.2025.100517,2026-02-19,43,10,20,"This clinical EEG study shows that ICU patients with delirium have selectively impaired auditory P3-based discrimination, indicating disrupted higher-order auditory processing, but it does not address hippocampal/MTL representations, multisensory integration, or formal state inference mechanisms."
2026-08-28 11:52,no,Decoding Brainwaves: Electroencephalographic Power Alterations in Alcoholics Compared to Non-Alcoholics in Multimodal Association Areas,Journal of Advanced Scientific Research,https://doi.org/10.55218/jasr.2026170203,2026-02-28,42,10,20,"This is a small clinical EEG case–control study of spectral power differences in alcoholics vs controls over temporoparietal/occipital scalp sites, without any focus on hippocampus/MTL representations, multisensory integration, or state inference/belief updating."
2026-08-28 11:52,no,Binaural Processing Deficits in Autism Spectrum Disorder,Audiology Research,https://doi.org/10.3390/audiolres16020034,2026-02-27,42,10,20,"This is a clinical-style narrative review on binaural auditory processing deficits in ASD, focusing on central auditory circuits and behavior, with no direct relevance to hippocampal/MTL representations, multisensory integration in MTL, or neural mechanisms of state inference/belief updating."
2026-08-28 11:52,no,Multimodal Dynamics of Mental Fatigue and Their Selective Modulation by Acute Exercise: Effects on Memory and Creativity,bioRxiv (Cold Spring Harbor Laboratory),https://doi.org/10.64898/2026.02.25.708006,2026-02-26,42,10,20,"This paper characterizes how prior exercise modulates EEG, eye-blink, and subjective/behavioral markers of mental fatigue, with no focus on hippocampal/MTL representations, multisensory integration, or state inference mechanisms."
2026-08-28 11:52,no,What electrodes can be used to measure mu rhythm (de)synchronization in the context of speech comprehension studies? An insight from theoretical analysis,Frontiers in Human Neuroscience,https://doi.org/10.3389/fnhum.2026.1676434,2026-02-03,42,10,20,"This paper theoretically analyzes which EEG scalp electrodes best capture mu rhythm (sensorimotor/mirror-system) desynchronization during speech comprehension, without addressing hippocampal/MTL representations, multisensory integration in MTL, or neural state inference/belief updating."
2026-08-28 11:52,no,Nanoliposomal Omega-3 Fatty Acids Promote Adult Hippocampal Neurogenesis through the BDNF/TrkB Pathway in C57BL/6 Mice,bioRxiv (Cold Spring Harbor Laboratory),https://doi.org/10.64898/2026.02.24.707750,2026-02-26,40,10,19,"Shows that nanoencapsulated omega-3 PUFAs enhance adult hippocampal neurogenesis via BDNF/TrkB signaling and Fabp5 expression, without addressing hippocampal representations, multisensory integration, or state inference/belief updating."
2026-08-28 11:52,no,Erratum to: Heterogeneity of Responses to Potassium Loading of Glutamatergic Neurons in the Ventral and Dorsal Parts of the Hippocampal CA1 Zone,BIOPHYSICS,https://doi.org/10.1134/s000635092601001x,2026-02-01,40,10,19,"This erratum concerns potassium-induced responses of glutamatergic CA1 neurons at a cellular/physiological level, without addressing hippocampal representations, multisensory integration, or state inference/belief updating."
2026-08-28 11:52,no,"Tau, amyloid-β and α-synuclein co-pathologies synergistically enhance neuroinflammation and hippocampal neuron loss",Neurobiology of Disease,https://doi.org/10.1016/j.nbd.2026.107323,2026-02-25,39,10,19,"This paper examines how tau, amyloid-β, and α-synuclein co-pathologies drive neuroinflammation and hippocampal neuron loss, focusing on disease mechanisms rather than hippocampal representations, multisensory integration, or state inference."
2026-08-28 11:52,no,The Smarcal1-Usp37 locus modulates glycogen aggregation in astrocytes of the aged hippocampus,Repository for Publications and Research Data (ETH Zurich),https://doi.org/10.3929/ethz-c-000795707,2026-02-09,39,10,19,"This paper identifies genetic and molecular regulators of glycogen aggregation in aged hippocampal astrocytes and shows that this pathology does not impair cognition, without addressing hippocampal/MTL representations, multisensory integration, or state inference."
2026-08-28 11:52,no,Feedback control of excitability and high K + induced epileptiform bursts in male rat hippocampal slices with a photocaged adenosine A 1 receptor agonist,British Journal of Pharmacology,https://doi.org/10.1111/bph.70349,2026-02-01,39,10,19,"This paper demonstrates that optically controlled release of an adenosine A1 receptor agonist in rat hippocampal slices can be used in a closed-loop system to suppress high-K+-induced epileptiform bursts, focusing on excitability control rather than cognitive representations or state inference."
2026-08-28 11:52,no,Increased dendritic inhibition of dentate gyrus granule cells in a mouse model of Down syndrome,Frontiers in Cellular Neuroscience,https://doi.org/10.3389/fncel.2026.1714586,2026-02-26,28,15,19,"This paper shows that specific inhibitory synaptic inputs onto dentate gyrus granule cell dendrites and somata are altered in a Down syndrome mouse model, focusing on cellular E/I balance rather than representations, multisensory integration, or state inference."
2026-08-28 11:52,no,A Wireless Photometric Probe to Capture Calcium Activities During Hippocampal Seizures in Freely Moving Mice (Small Methods 3/2026),Small Methods,https://doi.org/10.1002/smtd.70409,2026-02-01,28,15,19,"This paper primarily presents a wireless photometric device for recording calcium activity during hippocampal seizures in mice, focusing on technical/clinical seizure monitoring rather than on hippocampal representations, multisensory integration, or state inference."
2026-08-28 11:52,no,Differential cortical responses to neuromuscular electrical vs. peripheral magnetic stimulation: a multimodal TMS-fNIRS study,Frontiers in Neuroscience,https://doi.org/10.3389/fnins.2026.1781058,2026-02-27,51,5,19,"This study compares cortical hemodynamic responses in sensorimotor, prefrontal, and occipital cortex to different peripheral stimulation modalities, without addressing hippocampus/MTL, multisensory integration, or state inference/belief updating."
2026-08-28 11:52,no,"Nociceptive, Neuropathic and Nociplastic Pain in Clinical Practice: Mechanism-Oriented Assessment and Multimodal Management - Systematic Review",Quality in Sport,https://doi.org/10.12775/qs.2026.52.68835,2026-02-19,51,5,19,"This is a clinical systematic review on mechanisms and management of different chronic pain types, without data or theory on hippocampal/MTL representations, multisensory integration, or neural state inference/belief updating."
2026-08-28 11:52,no,A Multimodal Single-Cell Epigenomic and 3D Genome Atlas of the Human Basal Ganglia,bioRxiv (Cold Spring Harbor Laboratory),https://doi.org/10.64898/2026.02.12.705594,2026-02-14,41,10,19,"This paper builds a single-cell epigenomic and 3D-genome atlas of human basal ganglia cell types and regulatory architecture, without addressing hippocampal/MTL representations, multisensory integration, or neural state inference/belief updating at the systems or cognitive level."
2026-08-28 11:52,no,Repeated Oral Methylphenidate Administration Evokes Changes in Brain Plasticity Proteins in Juvenile Wistar Kyoto Rats: Evidence for Sex-Related Differences,Neurochemical Research,https://doi.org/10.1007/s11064-026-04712-y,2026-02-26,40,10,19,"This developmental, molecular-level study of methylphenidate’s effects on plasticity-related proteins (e.g., GAP43, PSD-95, synaptophysin) in various brain regions, including hippocampus, does not address neural representations, multisensory integration, or state inference/belief updating."
2026-08-28 11:52,no,Editorial: Technology developments and clinical applications of artificial intelligence in neurodegenerative diseases,Frontiers in Neurology,https://doi.org/10.3389/fneur.2026.1802039,2026-02-24,40,10,19,"This editorial summarizes AI and multimodal MRI approaches for early diagnosis and prediction of neurodegenerative diseases, without addressing hippocampal/MTL representations, multisensory integration, or neural state inference mechanisms."
2026-08-28 11:52,no,Trial-By-Trial Auditory Brainstem Response Detection,bioRxiv (Cold Spring Harbor Laboratory),https://doi.org/10.64898/2026.01.31.703019,2026-02-03,40,10,19,"This paper develops a method to detect single-trial auditory brainstem responses and characterize suprathreshold hearing, without addressing hippocampal/MTL representations, multisensory integration, or state inference/belief updating."
2026-08-28 11:52,no,Evaluation of cerebral cannabinoid type 2 receptors using [11C]RSR-056 PET in a rat model of epilepsy,Brain Research Bulletin,https://doi.org/10.1016/j.brainresbull.2026.111799,2026-02-27,39,10,19,"This paper uses PET imaging to track CB2 receptor expression changes in epileptic rat brains (including hippocampus) as a molecular/clinical epilepsy marker, without addressing hippocampal representations, multisensory integration, or state inference/belief updating."
2026-08-28 11:52,no,Neuroplasticity and recovery of the brain affected by substance use disorder: multilevel mechanisms and new therapeutic strategies (2020–2025),Frontiers in Molecular Neuroscience,https://doi.org/10.3389/fnmol.2026.1760387,2026-02-26,39,10,19,"This is a clinical/ systems-level review of neuroplasticity and treatment in substance use disorder (mainly PFC–NAc–amygdala, neuromodulation, and molecular pathways) and does not address hippocampal/MTL representations, multisensory integration, or neural state inference/belief updating."
2026-08-28 11:52,no,From synapse to system: mechanistic pathways of neural signaling dysfunction in psychiatric disorders,Frontiers in Cell and Developmental Biology,https://doi.org/10.3389/fcell.2026.1762930,2026-02-20,39,10,19,"This is a broad review of molecular-to-systems signaling abnormalities in psychiatric disorders (genes, receptors, synaptic plasticity, network dysconnectivity) and does not specifically address hippocampal/MTL representations, multisensory integration, or neural mechanisms of state inference/belief"
2026-08-28 11:52,no,Prenatal Exposure to a Moderate Dose of Δ9-Tetrahydrocannabinol Alters Hippocampal AMPA Receptor Channel Function Without Changing Subunit Expression,Physiologia,https://doi.org/10.3390/physiologia6010018,2026-02-28,38,10,18,"This paper shows that prenatal THC exposure alters single-channel biophysical properties of hippocampal AMPA receptors without changing their subunit expression, focusing on molecular synaptic function rather than representations, multisensory integration, or state inference."
2026-08-28 11:52,no,"Decision letter for ""Extracellular diffusion of Tau protein is slower than similar-sized IgG protein and dextran polysaccharide in entorhinal cortex but not in prefrontal cortex""",Unknown,https://doi.org/10.1111/ejn.70460/v2/decision1,2026-02-24,38,10,18,"This paper measures extracellular diffusion properties of Tau protein versus control molecules in entorhinal and prefrontal cortex, focusing on molecular transport rather than neural representations, multisensory integration, or state inference."
2026-08-28 11:52,no,"Review for ""Extracellular diffusion of Tau protein is slower than similar-sized IgG protein and dextran polysaccharide in entorhinal cortex but not in prefrontal cortex""",Unknown,https://doi.org/10.1111/ejn.70460/v2/review1,2026-02-23,38,10,18,"This paper quantitatively measures extracellular diffusion properties of Tau and control macromolecules in entorhinal and prefrontal cortex, focusing on charge-based interactions and tauopathy-related transport, without addressing neural representations, multisensory integration, or state inference/"
2026-08-28 11:52,no,Hippocampal expression of Wnt7a and β-catenin in depression: evidence from chronic unpredictable mild stress,PeerJ,https://doi.org/10.7717/peerj.20837,2026-02-19,38,10,18,"This paper shows that chronic unpredictable mild stress in rats alters depressive-like behavior and upregulates Wnt7a/β-catenin signaling proteins in the hippocampus, focusing on molecular depression mechanisms rather than hippocampal representations, multisensory integration, or state inference."
2026-08-28 11:52,no,"Author response for ""Extracellular diffusion of Tau protein is slower than similar-sized IgG protein and dextran polysaccharide in entorhinal cortex but not in prefrontal cortex""",Unknown,https://doi.org/10.1111/ejn.70460/v2/response1,2026-02-19,38,10,18,"This paper measures and compares extracellular diffusion properties of Tau protein versus similarly sized molecules in entorhinal and prefrontal cortex, focusing on molecular transport rather than neural representations, multisensory integration, or state inference."
2026-08-28 11:52,no,Subacute ivermectin–induced affective dysregulation: Evidence for hippocampal microglial and astrocytic activation,Research in Veterinary Science,https://doi.org/10.1016/j.rvsc.2026.106105,2026-02-13,38,10,18,"Shows that subacute ivermectin exposure in rats induces anxiety- and depression-like behaviors and activates hippocampal microglia and astrocytes without neuronal loss, focusing on neurotoxicity and affective dysregulation rather than hippocampal representations, multisensory integration, or state i"
2026-08-28 11:52,no,Neuroprotective Effects of Herbal Formula Yookgong-Dan on Oxidative Stress-Induced Tau Hyperphosphorylation in Rat Primary Hippocampal Neurons,Biology,https://doi.org/10.3390/biology15030294,2026-02-06,38,10,18,"This paper examines molecular neuroprotective effects of an herbal formula on oxidative-stress–induced tau phosphorylation and Aβ accumulation in cultured rat hippocampal neurons, without addressing hippocampal/MTL representations, multisensory integration, or state inference/belief updating."
2026-08-28 11:52,no,BPS2026 – Understanding underlying mechanisms of fenfluramine in hippocampal neurons,Biophysical Journal,https://doi.org/10.1016/j.bpj.2025.11.769,2026-02-01,38,10,18,"This appears to study cellular/molecular drug mechanisms in hippocampal neurons rather than cognitive-level hippocampal representations, multisensory integration, or state inference."
2026-08-28 11:52,no,"Neural Hearing Loss: Mechanisms, Diagnosis and Treatment Horizons",Journal of the Association for Research in Otolaryngology,https://doi.org/10.1007/s10162-026-01036-0,2026-02-25,50,5,18,"This perspectives article focuses on auditory nerve pathology, diagnosis, and emerging biological treatments for neural hearing loss, without addressing hippocampal/MTL representations, multisensory integration, or neural mechanisms of state inference or belief updating."
2026-08-28 11:52,no,Enhanced Ba 2+ -sensitive inward rectifying potassium conductance reduces intrinsic excitability of layer 2/3 pyramidal neurons in the primary auditory cortex of Fmr1 knockout mice,bioRxiv (Cold Spring Harbor Laboratory),https://doi.org/10.64898/2026.02.03.703439,2026-02-04,50,5,18,"This paper shows that Fmr1 knockout mice have increased Ba2+-sensitive inwardly rectifying potassium conductance that reduces intrinsic excitability of layer 2/3 pyramidal neurons in primary auditory cortex, a cellular mechanism largely unrelated to hippocampal/MTL representations or state inference"
2026-08-28 11:52,no,"Molecular Pathology in Modern Medicine: A Review of Genomic, Proteomic, and Epigenetic Insights Into Disease Mechanisms",Cureus,https://doi.org/10.7759/cureus.103950,2026-02-20,48,5,18,"This is a broad review of molecular pathology methods and disease mechanisms (genomic, proteomic, epigenetic) with no focus on hippocampal/MTL representations, multisensory integration, or neural state inference/belief updating."
2026-08-28 11:52,no,Acotiamide Can Be Used as an Anti-Cognitive Disorder Agent in Diseases Associated with Cognitive Dysfunction,Pakistan Veterinary Journal,https://doi.org/10.29261/pakvetj/2025.319,2026-02-12,48,5,18,"This is a pharmacological Alzheimer’s-disease mouse study on acotiamide’s effects on molecular markers and cognition, with no focus on hippocampal/MTL representations, multisensory integration, or state inference mechanisms."
2026-08-28 11:52,no,"Capillary-Associated Microglia in Neurovascular Coupling: Localization, Mechanisms, and Disease Implications",Journal of Neuroinflammation,https://doi.org/10.1186/s12974-026-03723-4,2026-02-11,47,5,18,"This paper characterizes capillary-associated microglia and their molecular mechanisms in neurovascular coupling and BBB maintenance, without addressing hippocampal/MTL representations, multisensory integration, or neural state inference."
2026-08-28 11:52,no,Low-dimensional materials for intracellular electrophysiology: advances from synthesis to applications,Microsystems & Nanoengineering,https://doi.org/10.1038/s41378-025-01148-2,2026-02-05,47,5,18,"This is a methods-focused review on nanomaterial-based intracellular electrophysiology for cardiomyocytes, with no connection to hippocampal/MTL representations, multisensory integration, or neural state inference."
2026-08-28 11:52,no,Enhancing Anti-CTLA-4 Antibody Delivery to the Brain Using Focused Ultrasound and Microbubbles,Dove Medical Press (Taylor and Francis Group),https://openalex.org/works/W7127746558,2026-02-02,46,5,17,"This paper tests focused ultrasound plus microbubbles as a method to enhance delivery of an anti-CTLA-4 antibody to the hippocampal region for glioma-related therapy, without addressing hippocampal representations, multisensory integration, or state inference/belief updating."
2026-08-28 11:52,no,Circadian clock regulation in lung health and disease: molecular mechanisms and therapeutic opportunities,PubMed,https://doi.org/10.17179/excli2026-9372,2026-02-25,44,5,17,"This paper reviews molecular circadian clock mechanisms in lung physiology and respiratory disease, with no connection to hippocampal/MTL representations, multisensory integration, or neural state inference."
2026-08-28 11:52,no,Reboxetine Treatment Reduces Hippocampal Gliosis in the P301S Tauopathy Mouse Model,ASN NEURO,https://doi.org/10.1080/17590914.2026.2630485,2026-02-21,30,10,16,"This paper shows that chronic reboxetine treatment reduces hippocampal glial activation in a tauopathy mouse model, focusing on neuroinflammation and noradrenergic modulation rather than hippocampal representations, multisensory integration, or state inference."
2026-08-28 11:52,no,[Lactobacillus plantarum alleviates lead exposure-induced learning and memory impairment in mice by regulating bile acid metabolism and inhibiting hippocampal NLRP3 expression].,PubMed,https://doi.org/10.12122/j.issn.1673-4254.2026.02.04,2026-02-20,30,10,16,"This paper shows that a probiotic treatment mitigates lead-induced learning and memory deficits in mice via changes in bile acid metabolism and reduced hippocampal inflammation, without addressing hippocampal/MTL representations, multisensory integration, or state inference mechanisms."
2026-08-28 11:52,no,The IL-33/ST2 Axis Protects the Hippocampus from LPS-Induced Inflammation and Damage by Modulating Microglial Phenotype,Biomedicines,https://doi.org/10.3390/biomedicines14020459,2026-02-19,30,10,16,"This paper shows that IL-33/ST2 signaling modulates microglial phenotype to protect the hippocampus from LPS-induced inflammatory damage, demyelination, amyloid deposition, and apoptosis, without addressing hippocampal representations, multisensory integration, or state inference."
2026-08-28 11:52,no,"Coenzyme Q10 Mitigates Anxiety- and Depression-Like Behaviors in a Fetal Alcohol Spectrum Disorder Model by Suppressing Hippocampal Astrocytic Reactivity, Oxidative Stress, and Neuronal Cell Death",Journal of Studies on Alcohol and Drugs,https://doi.org/10.15288/jsad.25-00290,2026-02-19,30,10,16,"This paper shows that CoQ10 reduces oxidative stress, astrocytic reactivity, and neuronal death in hippocampus and improves anxiety-/depression-like behavior in a rat FASD model, without addressing hippocampal representations, multisensory integration, or state inference."
2026-08-28 11:52,no,Modulation of Neuroinflammation and Nitrite Imbalance in the Hippocampus by Simvastatin: Therapeutic Potential in Maternal Separation‐Induced Autism Spectrum Disorder,International Journal of Developmental Neuroscience,https://doi.org/10.1002/jdn.70105,2026-02-01,30,10,16,"This is a disease-model pharmacology study on simvastatin’s effects on neuroinflammation and oxidative stress in a maternal-separation autism model, without addressing hippocampal representations, multisensory integration, or state inference/belief updating."
2026-08-28 11:52,no,Effects of tea polyphenols on brain structure and function of hippocampus in aged type 2 diabetes mellitus rats with anxiety and depression-like behavior,Brain Research,https://doi.org/10.1016/j.brainres.2026.150223,2026-02-20,20,15,16,"This is a disease-focused, molecular and structural study of hippocampal damage and neuroinflammation in aged T2DM rats and its modulation by tea polyphenols, without addressing hippocampal representations, multisensory integration, or state inference/belief updating."
2026-08-28 11:52,no,Netrin-3 rectifies diabetes-induced cognitive impairment by counteracting hippocampal oxidative stress and NLRP3 inflammasome activation,Neuropeptides,https://doi.org/10.1016/j.npep.2026.102596,2026-02-12,20,15,16,"This paper shows that restoring Netrin-3 in diabetic mice improves systemic metabolic measures and reverses hippocampus-dependent cognitive deficits via reducing oxidative stress and NLRP3 inflammasome activation, without addressing hippocampal representations, multisensory integration, or state inf"
2026-08-28 11:52,no,Single-cell atlas of basal and learning-induced transcriptional dynamics underlying hippocampal aging and memory decline,Zenodo (CERN European Organization for Nuclear Research),https://doi.org/10.5281/zenodo.18393794,2026-02-12,20,15,16,"This paper uses single-cell transcriptional profiling to characterize gene-expression changes in hippocampal cells with aging and learning, focusing on molecular mechanisms of memory decline rather than representational content, multisensory integration, or state inference computations."
2026-08-28 11:52,no,Inhibition of TGF-β signaling in microglia stimulates hippocampal adult neurogenesis and reduces anxiety-like behavior in adult mice,Nature Communications,https://doi.org/10.1038/s41467-026-68885-4,2026-02-09,20,15,16,"This paper shows that microglia-specific inhibition of TGF-β signaling increases adult hippocampal neurogenesis via PTEN-mTOR pathways and alters anxiety-like behavior, focusing on cellular/molecular mechanisms rather than hippocampal representations, multisensory integration, or state inference."
2026-08-28 11:52,no,Lactate-driven mitochondrial pretenders hijack hippocampal function after excessive exercise,Cell Metabolism,https://doi.org/10.1016/j.cmet.2026.01.003,2026-02-01,20,15,16,"The paper links excessive exercise and lactate-driven mitochondrial vesicles to disrupted hippocampal synapses and cognitive decline, focusing on molecular/cellular mechanisms rather than hippocampal representations, multisensory integration, or state inference."
2026-08-28 11:52,no,Effects of electroacupuncture at Zusanli on pain-perception-related brain nuclei in KOA mice: a study on cortical and subcortical c-fos expression,Behavioral and Brain Functions,https://doi.org/10.1186/s12993-026-00322-4,2026-02-08,43,5,16,"This paper shows that electroacupuncture in a knee osteoarthritis mouse model alters pain thresholds and modulates c-fos expression in various cortical and subcortical pain- and emotion-related regions, without addressing hippocampal/MTL representations, multisensory state inference, or belief updat"
2026-08-28 11:52,no,SK channel upregulation and sex-specific mechanisms drive spinal motoneuron reduced excitability with age,Frontiers in Aging Neuroscience,https://doi.org/10.3389/fnagi.2026.1687226,2026-02-04,43,5,16,"This paper shows age- and sex-dependent changes in intrinsic excitability and ion channel expression in spinal α-motoneurons and their relation to grip strength, with no connection to hippocampal/MTL representations, multisensory integration, or state inference."
2026-08-28 11:52,no,The Use of Primary Spiral Ganglion Cells in Studying Glutamate Receptor Function and Excitotoxicity in the Cochlea,Preprints.org,https://doi.org/10.20944/preprints202602.1688.v1,2026-02-28,42,5,16,"This review focuses on in vitro spiral ganglion neuron models for studying cochlear glutamate receptor function and excitotoxicity, with no connection to hippocampal/MTL representations, multisensory integration, or state inference."
2026-08-28 11:52,no,"Cochlear neural functional competence: an integrative transcriptomic module analysis of excitability, plasticity and microenvironmental support programs",Frontiers in Cellular Neuroscience,https://doi.org/10.3389/fncel.2026.1776907,2026-02-19,42,5,16,"This paper analyzes cochlear transcriptomic programs related to excitability, plasticity, and injury to define a cochlear neural functional competence score for cochlear implant outcomes, without addressing hippocampal/MTL representations, multisensory integration, or neural state inference."
2026-08-28 11:52,no,The Voice of a Disease: Why Food Noise Can No Longer Be Ignored!,Obesity,https://doi.org/10.1002/oby.70161,2026-02-12,42,5,16,"This is a clinical/psychometric and conceptual paper on intrusive food-related thoughts and obesity, with no data or theory on hippocampal/MTL representations, multisensory integration, or neural state inference."
2026-08-28 11:52,no,Reshaping “Cerebellar Inhibition”: Mechanistic Insights and Precision Medicine Perspectives for rTMS in Machado-Joseph Disease,PROGRESS IN BIOCHEMISTRY AND BIOPHYSICS,https://doi.org/10.3724/j.pibb.2026.0006,2026-02-01,42,5,16,"This is a clinical/neuromodulation commentary on cerebellar rTMS in Machado-Joseph disease, focusing on restoring cerebello-cortical inhibition, with no direct relevance to hippocampal/MTL representations, multisensory integration, or state inference."
2026-08-28 11:52,no,Auditory Neuropathy: Challenges and Significant Progress in Diagnosis and Treatment,Advanced Therapeutics,https://doi.org/10.1002/adtp.202500513,2026-02-28,40,5,16,"This is a clinical review on diagnosis, genetics, and treatment of auditory neuropathy with no analysis of hippocampal/MTL representations, multisensory integration, or neural state inference/belief updating."
2026-08-28 11:52,no,Fluoxetine minimally affects hearing loss but induces gene expression changes in the cochlear nuclei after noise exposure,PLoS ONE,https://doi.org/10.1371/journal.pone.0341746,2026-02-03,40,5,16,"This paper shows that fluoxetine has minimal impact on noise-induced hearing loss but alters gene expression and extracellular matrix features in the ventral cochlear nucleus, without addressing hippocampal/MTL representations, multisensory integration, or state inference."
2026-08-28 11:52,no,Effects of hypoxia on calcium signaling in cultured hippocampal neurons,Fìzìologìčnij žurnal,https://doi.org/10.15407/fz72.01.083,2026-02-28,28,10,15,"This paper shows that hypoxic conditions alter intracellular calcium signaling dynamics in cultured hippocampal neurons, focusing on cellular metabolic responses rather than cognitive representations, multisensory integration, or state inference."
2026-08-28 11:52,no,ELK1 suppressed the progression of vascular dementia via modulating mTOR/CREB/YAP/TFEB signaling induced ferroptosis in hippocampal cells,Scientific Reports,https://doi.org/10.1038/s41598-026-40339-3,2026-02-26,28,10,15,"This paper examines molecular and cellular mechanisms (ELK1, mTOR/CREB/YAP/TFEB signaling, ferroptosis) and neuroprotection in a vascular dementia model, without addressing hippocampal/MTL representations, multisensory integration, or state inference/belief updating."
2026-08-28 11:52,no,Polystyrene Microplastics Disrupt the Gut-Brain Axis via Activating Brain TLR4 and Impair Hippocampal Synapses through the TLR4/MyD88/NF-κB Pathway,Journal of Agricultural and Food Chemistry,https://doi.org/10.1021/acs.jafc.5c14758,2026-02-25,28,10,15,"This paper shows that polystyrene microplastics cause gut dysbiosis and LPS-driven TLR4/MyD88/NF-κB–mediated neuroinflammation that impairs hippocampal synapses, focusing on molecular neurotoxicity rather than hippocampal representations or state inference."
2026-08-28 11:52,no,What evidence exists against adult hippocampal neurogenesis being necessary for antidepressant efficacy?,Open MIND,https://doi.org/10.5281/zenodo.18774753,2026-02-25,28,10,15,"This paper evaluates whether adult hippocampal neurogenesis is required for antidepressant efficacy, focusing on cellular/clinical mechanisms rather than hippocampal representations, multisensory integration, or state inference."
2026-08-28 11:52,no,Correction: Association of olfactory and cognitive function test scores with hippocampal and amygdalar grey matter volume: a cross-sectional study,Scientific Reports,https://doi.org/10.1038/s41598-026-40741-x,2026-02-23,28,10,15,"This is a brief correction notice about a mislabeled odorant in a study, providing no substantive data or theory on hippocampal/MTL representations, multisensory integration, or state inference."
2026-08-28 11:52,no,GROWING FOLDS: FETAL MR IMAGING ANATOMY OF THE HIPPOCAMPAL HEAD DIGITATIONS,American Journal of Neuroradiology,https://doi.org/10.3174/ajnr.a9259,2026-02-23,28,10,15,"This paper uses fetal MRI to describe the anatomical development and morphological classes of hippocampal head digitations across gestational age, without addressing hippocampal representations, multisensory integration, or state inference/belief updating."
2026-08-28 11:52,no,Coupling of death receptor p75 NTR to the RhoA and NF-kB pathways differentially regulates internalization in hippocampal and cerebellar neurons,bioRxiv (Cold Spring Harbor Laboratory),https://doi.org/10.64898/2026.02.10.705215,2026-02-11,28,10,15,"This paper examines molecular signaling mechanisms controlling p75NTR receptor internalization in hippocampal and cerebellar neurons, without addressing hippocampal/MTL representations, multisensory integration, or state inference at the systems or cognitive level."
2026-08-28 11:52,no,Scalp fast oscillations detected by high‐density EEG as a noninvasive predictor of surgical outcome in temporal lobe epilepsy with hippocampal sclerosis,Epilepsia Open,https://doi.org/10.1002/epi4.70232,2026-02-06,28,10,15,"This is a clinical epilepsy study using scalp high-frequency oscillations as a biomarker to predict temporal lobectomy outcome, without addressing what hippocampal/MTL activity represents, multisensory integration, or state inference/belief updating."
2026-08-28 11:52,no,Correction: Maternal exposure to dim light at night induces behavioral alterations in the adolescent and adult offspring Wistar rat,Frontiers in Physiology,https://doi.org/10.3389/fphys.2026.1765993,2026-02-17,39,5,15,"This paper examines how maternal exposure to dim light at night affects offspring metabolism and social behavior (via NAc and microglia), without addressing hippocampal/MTL representations, multisensory integration, or neural state inference/belief updating."
2026-08-28 11:52,no,Cortical hem-like progenitors contribute pyramidal neurons to the neocortex and hippocampus,Developmental Biology,https://doi.org/10.1016/j.ydbio.2026.02.012,2026-02-28,20,10,13,"This developmental lineage study shows that cortical hem progenitors contribute pyramidal neurons to hippocampus and neocortex, without addressing neural representations, multisensory integration, or state inference/belief updating."
2026-08-28 11:52,no,Developmental and sex-specific expression of alpha-synuclein in blood and hippocampus of Cc2d1a mice: Implications for autism spectrum disorders,Journal of Psychiatric Research,https://doi.org/10.1016/j.jpsychires.2026.02.051,2026-02-27,20,10,13,"This paper measures developmental and sex-dependent alpha-synuclein gene/protein expression and locomotor/anxiety behavior in a Cc2d1a autism mouse model, without addressing hippocampal representations, multisensory integration, or state inference/belief updating."
2026-08-28 11:52,no,"Decision letter for ""The Converging Effects of Different Categories of Antidepressants on the Brain: A Systematic Meta-Analysis of Public Transcriptional Profiling Data from the Hippocampus and Cortex""",Unknown,https://doi.org/10.1111/jnc.70502/v1/decision1,2026-02-27,20,10,13,"This paper meta-analyzes transcriptional profiling data to show how different antidepressant categories produce convergent gene-expression changes in hippocampus and cortex, without addressing neural representations, multisensory integration, or state inference."
2026-08-28 11:52,no,"Review for ""The Converging Effects of Different Categories of Antidepressants on the Brain: A Systematic Meta-Analysis of Public Transcriptional Profiling Data from the Hippocampus and Cortex""",Unknown,https://doi.org/10.1111/jnc.70502/v1/review2,2026-02-26,20,10,13,"This paper meta-analyzes gene expression changes in rodent hippocampus and cortex after antidepressant treatments, focusing on molecular transcriptional effects rather than hippocampal representations, multisensory integration, or state inference computations."
2026-08-28 11:52,no,Inhibition of LRRK2 alleviates LPS-induced hippocampal pericyte loss and depressive-like behaviors through suppressing the RIPK1-mediated necroptosis pathway,International Immunopharmacology,https://doi.org/10.1016/j.intimp.2026.116414,2026-02-24,20,10,13,"This paper examines molecular mechanisms of LRRK2/RIPK1-mediated necroptosis in hippocampal pericytes and LPS-induced depressive-like behavior, without addressing hippocampal/MTL representations, multisensory integration, or state inference/belief updating."
2026-08-28 11:52,no,Retraction notice to “Effects of high-fat diet on insulin receptor function in rat hippocampus and the level of neuronal corticosterone” [Life Sci. 88 (2011) 619–627],Life Sciences,https://doi.org/10.1016/j.lfs.2026.124291,2026-02-24,20,10,13,"This (now retracted) paper concerns molecular effects of high-fat diet on insulin receptor function and corticosterone levels in rat hippocampus, not hippocampal representations, multisensory integration, or state inference."
2026-08-28 11:52,no,PP-11 Hippocampal avoidance in whole-brain radiotherapy: a systematic review and meta-analysis of neurocognitive and quality-of-life outcomes,Unknown,https://doi.org/10.1136/spcare-2026-mcrc.22,2026-02-22,20,10,13,"This is a clinical radiotherapy meta-analysis showing that avoiding hippocampal irradiation during whole-brain radiotherapy preserves memory and quality of life, without addressing what hippocampal/MTL activity represents or how it supports state inference or multisensory integration."
2026-08-28 11:52,no,Long-term alterations in serotonin transporter expression after adolescent fluoxetine exposure: Insights from the hippocampus and prefrontal cortex,Psychiatry Research,https://doi.org/10.1016/j.psychres.2026.117038,2026-02-18,20,10,13,"This mouse study shows that adolescent fluoxetine exposure causes long-term, region-specific changes in serotonin transporter protein expression in hippocampus and prefrontal cortex, without addressing representations, multisensory integration, or state inference."
2026-08-28 11:52,no,"Correction for Lee et al., Saccade-related LFP power transients in the primate amygdala and hippocampus linked to the perception of social status",Proceedings of the National Academy of Sciences,https://doi.org/10.1073/pnas.2603598123,2026-02-18,20,10,13,"This is a brief correction notice about saccade-related LFP power transients in primate amygdala and hippocampus during social status perception, not a substantive study of hippocampal representations, multisensory integration, or state inference."
2026-08-28 11:52,no,Neonatal inflammation induces ventral hippocampal microglial priming via epigenetic regulation of BAG3 to enhance adult depression susceptibility in mice,Brain Behavior and Immunity,https://doi.org/10.1016/j.bbi.2026.106494,2026-02-17,20,10,13,"This paper shows that neonatal inflammation epigenetically primes ventral hippocampal microglia via BAG3 to increase adult depression susceptibility, focusing on molecular/developmental mechanisms rather than hippocampal representations, multisensory integration, or state inference."
2026-08-28 11:52,no,Decorin Attenuates Epileptogenesis and Modulates Hippocampal Synaptic Plasticity via the mTOR Signalling Pathway,Neurochemical Research,https://doi.org/10.1007/s11064-026-04686-x,2026-02-17,20,10,13,"This paper examines how decorin affects epileptogenesis and hippocampal synaptic plasticity via mTOR signaling, focusing on molecular and disease mechanisms rather than hippocampal representations, multisensory integration, or state inference."
2026-08-28 11:52,no,Mesenchymal stem cell-derived exosomes rescue stress-dependent morphological deficits in primary hippocampal neurons via Wnt5a/β-catenin/WAVE2 pathway,Brain Research,https://doi.org/10.1016/j.brainres.2026.150207,2026-02-14,20,10,13,"This paper shows that mesenchymal stem cell-derived exosomes rescue corticosterone-induced morphological deficits in cultured hippocampal neurons via a Wnt5a/β-catenin/WAVE2 signaling pathway, focusing on cellular stress and structural plasticity rather than representations, multisensory integration"
2026-08-28 11:52,no,Rasal1: A candidate exercise mimetic to increase adult hippocampal neurogenesis in middle age,Research Square,https://doi.org/10.21203/rs.3.rs-8394751/v1,2026-02-13,20,10,13,"This paper appears to study a molecular/gene-level exercise mimetic (Rasal1) affecting adult hippocampal neurogenesis, not hippocampal/MTL representations, multisensory integration, or state inference."
2026-08-28 11:52,no,"Author response for ""Domperidone Modulates Hippocampal D2 Expression, Facilitates Extinction, and Attenuates Morphine-Induced Conditioned Place Preference in Rats""",Unknown,https://doi.org/10.1111/ejn.70510/v2/response1,2026-02-12,20,10,13,"This paper examines how domperidone alters hippocampal D2 receptor expression and affects extinction of morphine-induced conditioned place preference, focusing on molecular/pharmacological modulation rather than hippocampal representations, multisensory integration, or state inference."
2026-08-28 11:52,no,Aging potentiates glioma-driven remodeling of cortico-hippocampal neuron-astrocyte dynamics,Research Square,https://doi.org/10.21203/rs.3.rs-8725420/v1,2026-02-11,20,10,13,"This is a disease- and cell-level study of how aging and glioma alter cortico-hippocampal neuron–astrocyte dynamics, not about hippocampal representations, multisensory integration, or state inference."
2026-08-28 11:52,no,Hippocampal Volume Moderates the Link Between Racial-Ethnic Discrimination and Early Adolescent Depression,Clinical Psychological Science,https://doi.org/10.1177/21677026251409754,2026-02-11,20,10,13,"This developmental clinical study links hippocampal volume to vulnerability to depression from racial-ethnic discrimination and does not address hippocampal/MTL representations, multisensory integration, or state inference/belief updating."
2026-08-28 11:52,no,Correction to “Crosstalk Between Soluble PDGF ‐ BB and PDGFRβ Promotes Astrocytic Activation and Synaptic Recovery in the Hippocampus After Subarachnoid Hemorrhage”,The FASEB Journal,https://doi.org/10.1096/fj.202600605,2026-02-10,20,10,13,"This correction concerns molecular signaling (PDGF-BB/PDGFRβ, p-STAT3) and astrocytic activation after subarachnoid hemorrhage, not hippocampal representations, multisensory integration, or state inference/belief updating."
2026-08-28 11:52,no,Caffeine reverses sleep deprivation-induced synaptic and social memory deficits via adenosine receptor modulation in the male mouse hippocampal CA2 region,Neuropsychopharmacology,https://doi.org/10.1038/s41386-026-02362-w,2026-02-10,20,10,13,"This paper examines how caffeine modulates adenosine receptors to reverse sleep deprivation–induced synaptic and social memory deficits in hippocampal CA2, focusing on molecular/synaptic mechanisms rather than representational content, multisensory integration, or state inference."
2026-08-28 11:52,no,Multi-time points RNA-seq screening identifies key transcription factors and splicing factors responsive to intermittent hypoxia in the mouse hippocampus,Free Radical Biology and Medicine,https://doi.org/10.1016/j.freeradbiomed.2026.02.005,2026-02-09,20,10,13,"This paper uses RNA-seq to identify transcription and splicing factors involved in hippocampal responses to intermittent hypoxia, focusing on molecular adaptation and neurodegeneration risk rather than neural representations, multisensory integration, or state inference."
2026-08-28 11:52,no,"Decision letter for ""Estradiol replacement modulates synaptic transmission-related proteins in the hippocampus of ovariectomized rats: an exploratory proteomic approach""",Unknown,https://doi.org/10.1111/jnc.70536/v1/decision1,2026-02-06,20,10,13,"This paper examines how estradiol replacement alters synaptic transmission-related protein expression in hippocampus, focusing on molecular effects rather than representational content, multisensory integration, or state inference."
2026-08-28 11:52,no,Hippocampal volume trajectory and its relation to clinical course during and following ECT-treatment in patients with depression: A systematic review and meta-analysis,Journal of Affective Disorders,https://doi.org/10.1016/j.jad.2026.121344,2026-02-05,20,10,13,"This is a clinical meta-analysis of ECT-related hippocampal volume changes in depression and their relation to symptom trajectories, without addressing what hippocampal activity represents, multisensory integration, or state inference/belief updating mechanisms."
2026-08-28 11:52,no,Aerobic and resistance training similarly enhance hippocampal BDNF expression in aged rats: implications for exercise‑induced neuroplasticity,Research Square,https://doi.org/10.21203/rs.3.rs-8752665/v1,2026-02-05,20,10,13,"This paper examines how different exercise modalities affect hippocampal BDNF expression in aged rats, focusing on molecular neuroplasticity rather than hippocampal representations, multisensory integration, or state inference."
2026-08-28 11:52,no,Mitophagy Inhibition Suppresses Seizures in Status Epilepticus Mice by Decreasing Hippocampal NLRC4 Expression,Journal of Molecular Neuroscience,https://doi.org/10.1007/s12031-025-02471-z,2026-02-05,20,10,13,"This paper examines how inhibiting mitophagy reduces seizures in a mouse status epilepticus model via decreased hippocampal NLRC4 expression, focusing on molecular disease mechanisms rather than hippocampal representations or state inference."
2026-08-28 11:52,no,The Link Between Weight Gain and Hippocampal Atrophy in Bipolar Disorder: A Longitudinal Investigation in 934 Participants,Biological Psychiatry,https://doi.org/10.1016/j.biopsych.2026.01.020,2026-02-01,20,10,13,"This longitudinal clinical MRI study shows that higher baseline BMI and subsequent weight gain predict greater hippocampal volume loss, especially in bipolar disorder, without addressing hippocampal representations, multisensory integration, or state inference mechanisms."
2026-08-28 11:52,no,Irisin regulates mitochondrial function to support synaptogenesis in the developing hippocampus,Molecular and Cellular Neuroscience,https://doi.org/10.1016/j.mcn.2026.104073,2026-02-01,20,10,13,"This paper shows that the hormone irisin modulates mitochondrial function via UCP2/4/5 to support synaptogenesis in developing hippocampal neurons, without addressing representations, multisensory integration, or state inference."
2026-08-28 11:52,no,Chronic Administration of Atomoxetine and Methylphenidate Induces Differential Alterations in the Hippocampus and Striatum of Young Rats,Neurotoxicity Research,https://doi.org/10.1007/s12640-026-00782-6,2026-02-01,20,10,13,"This paper examines how chronic atomoxetine and methylphenidate treatment alters hippocampal and striatal structure or physiology in young rats, focusing on drug-induced neural changes rather than cognitive representations, multisensory integration, or state inference."
2026-08-28 11:52,no,Isoliensinine ameliorates postoperative neurocognitive disorder in aged mice by restoring hippocampal IGF-1 receptor signaling and suppressing oxidative stress and neuroinflammation,European Journal of Pharmacology,https://doi.org/10.1016/j.ejphar.2026.178651,2026-02-01,20,10,13,"This paper examines how a compound modulates hippocampal IGF-1 receptor signaling, oxidative stress, and neuroinflammation to improve postoperative cognition in aged mice, without addressing what hippocampal activity represents, multisensory integration, or state inference/belief updating."
2026-08-28 11:52,no,BPS2026 - Lipid interplay in the modulation of hippocampal Kir3 channel signaling,Biophysical Journal,https://doi.org/10.1016/j.bpj.2025.11.1332,2026-02-01,20,10,13,"This appears to study lipid modulation of hippocampal Kir3 channel signaling at a molecular/biophysical level, not hippocampal representations, multisensory integration, or state inference."
2026-08-28 11:52,no,Empathy and prosocial behavior powered by orexin-driven theta oscillations,Science,https://doi.org/10.1126/science.aea7140,2026-02-19,18,10,12,"This paper shows that orexinergic inputs from lateral hypothalamus drive anterior cingulate theta oscillations that modulate observational fear and prosocial allogrooming, without addressing hippocampal/MTL representations or state inference."
2026-08-28 11:52,no,The Theta Paradox – Delayed Reduction of Frontal Midline Theta Following Downregulation Neurofeedback Training,bioRxiv (Cold Spring Harbor Laboratory),https://doi.org/10.64898/2026.02.03.703090,2026-02-05,18,10,12,"This paper examines frontal midline theta neurofeedback and its effects on EEG and volleyball anticipation performance, without involving hippocampal/MTL representations, multisensory integration, or formal state inference/belief-updating mechanisms."
2026-08-28 11:52,no,Oscillatory Correlates of Habituation: EEG Evidence of Sustained Frontal Theta Activity to Food Cues,Sensors,https://doi.org/10.3390/s26031001,2026-02-03,18,10,12,"This EEG study shows that frontal theta power habituates to non-food but not food images, indicating sustained attentional engagement to salient food cues, without involving hippocampus/MTL, multisensory integration, or explicit state inference."
2026-08-28 11:52,no,Intermittent theta burst stimulation (iTBS) and inhibitory control training to reduce binge eating: study protocol for a randomized controlled trial (Be-Nemoic),Frontiers in Psychology,https://doi.org/10.3389/fpsyg.2026.1677814,2026-02-02,18,5,9,"This is a clinical trial protocol on prefrontal iTBS and inhibitory control training for binge eating, without substantive content on hippocampal/MTL representations, multisensory integration, or neural/state-inference mechanisms."
2026-08-28 12:06,yes,Data from: Rapid formation of non-spatial hippocampal representations consistent with behavioral timescale synaptic plasticity is modulated by entorhinal input,DRYAD,https://doi.org/10.5061/dryad.573n5tbpp,2026-03-10,100,88,92,"This paper shows that rare plateau-like calcium events in CA1, modulated differentially by medial and lateral entorhinal cortex, rapidly create stable non-spatial (odor) hippocampal representations, directly informing what hippocampal/MTL activity represents and how entorhinal input shapes those rep"
2026-08-28 12:06,yes,Dynamic Updating of Cognitive Maps via Traces of Experience in the Subiculum,Hippocampus,https://doi.org/10.1002/hipo.70078,2026-03-01,92,85,87,"This modeling paper directly addresses what subicular (hippocampal output) neurons represent by explaining vector trace cell activity as a mnemonic, mismatch-driven updating of spatial/cognitive maps based on combined perceptual (boundary) and mnemonic (CA1 place cell) inputs."
2026-08-28 12:06,yes,When Memories Move: Hippocampal Mechanisms of Memory Updating in Dynamic Worlds,OSF Preprints (OSF Preprints),https://openalex.org/works/W7139639493,2026-03-17,100,80,86,"The paper synthesizes evidence that hippocampal population codes remap and pattern-separate when environmental or task contingencies change, directly addressing how hippocampal representations update to encode distinct, changing experiences rather than focusing on multisensory integration or formal "
2026-08-28 12:06,yes,Modeling flexible behavior with remapping-based hippocampal sequence learning,eLife,https://doi.org/10.7554/elife.106506.2,2026-03-19,79,80,80,"This paper uses a biologically inspired RL model of hippocampal remapping and context-dependent sequences to explain flexible, context-based behavior and sensory/context representation balance, making it strongly relevant for hippocampal representations and task-state inference but only indirectly f"
2026-08-28 12:06,yes,eLife Assessment: Modeling flexible behavior with remapping-based hippocampal sequence learning,Unknown,https://doi.org/10.7554/elife.106506.2.sa3,2026-03-19,79,80,80,"This paper uses a biologically inspired RL model to explain how hippocampal remapping can generate context-dependent sequences that support flexible behavior, linking sensory vs contextual representations to task-state dependent hippocampal activity rather than directly studying multisensory integra"
2026-08-28 12:06,yes,Author response: Modeling flexible behavior with remapping-based hippocampal sequence learning,Unknown,https://doi.org/10.7554/elife.106506.2.sa0,2026-03-19,79,80,80,"This paper presents a computational RL model in which hippocampal remapping and context-dependent sequences implement flexible, context-based task-state representations, directly addressing what hippocampal activity represents and how it supports context-dependent behavior, but only indirectly touch"
2026-08-28 12:06,yes,Reviewer #2 (Public review): Modeling flexible behavior with remapping-based hippocampal sequence learning,Unknown,https://doi.org/10.7554/elife.106506.2.sa2,2026-03-19,79,78,78,"This paper uses a biologically inspired RL model of hippocampal remapping and context-dependent sequences to explain flexible behavior and context selection, directly addressing how hippocampal activity represents task context/state rather than sensory features, but it is modeling-focused and only i"
2026-08-28 12:06,yes,State-dependent spatial maps for navigation,Trends in Cognitive Sciences,https://doi.org/10.1016/j.tics.2026.01.009,2026-03-01,87,72,76,"This paper argues, largely at a conceptual/mechanistic level, that spontaneous hippocampal/entorhinal remapping reflects state-dependent spatial maps that link internal behavioral states to navigation and goal-directed behavior, rather than directly analyzing multisensory integration or formal state"
2026-08-28 12:06,yes,Reviewer #3 (Public review): Modeling flexible behavior with remapping-based hippocampal sequence learning,Unknown,https://doi.org/10.7554/elife.106506.2.sa1,2026-03-19,79,72,74,"This modeling paper directly addresses how hippocampal remapping and context-dependent sequences can support flexible, context-dependent behavior, linking sensory vs contextual representations to task-state selection rather than multisensory integration or detailed belief-updating mechanisms."
2026-08-28 12:06,yes,"Dataset to supplement ""The entorhinal spatial map integrates visual identity information of landmarks""",Zenodo (CERN European Organization for Nuclear Research),https://doi.org/10.5281/zenodo.19115395,2026-03-19,96,60,71,"Using two-photon imaging in mice, this study shows that medial entorhinal cue cells encode visual landmark identity in addition to location, indicating MEC representations integrate landmark identity and position during navigation."
2026-08-28 12:06,yes,Brain Bases for Navigating Acoustic Features,Human Brain Mapping,https://doi.org/10.1002/hbm.70492,2026-03-01,98,60,71,"This fMRI study shows that anterior hippocampus represents a maintained, task-relevant nonspatial acoustic feature (tone-stack density) during working memory–guided ‘navigation’ in an abstract sound space, linking hippocampal activity to nonspatial, feature-based task representations rather than exp"
2026-08-28 12:06,yes,When and Where: A Model Hippocampal Network Unifies Formation of Time Cells and Place Cells,bioRxiv (Cold Spring Harbor Laboratory),https://doi.org/10.64898/2026.03.22.713480,2026-03-22,94,60,70,"This modeling paper shows that a single recurrent CA3-like network trained as a predictive autoencoder can generate both place-cell-like and time-cell-like firing patterns depending on the spatiotemporal structure of its inputs, suggesting a shared computational origin for these hippocampal represen"
2026-08-28 12:06,yes,"Smelling the Difference: Pattern Separation in Dynamic, Multisensory Contexts",OSF Preprints (OSF Preprints),https://openalex.org/works/W7134025425,2026-03-04,34,82,68,"This study uses a dynamic multisensory task and whole-brain fMRI to show hippocampal pattern separation of overlapping odor–context combinations, directly probing how hippocampal representations distinguish similar multisensory contexts rather than broader task-state or belief-updating computations."
2026-08-28 12:06,yes,Human hippocampal ripples coordinate planning sequences and compositional representations in neocortex,Zenodo (CERN European Organization for Nuclear Research),https://doi.org/10.5281/zenodo.14233187,2026-03-08,20,88,68,"Shows that human hippocampal ripples organize prospective planning sequences and compositional task representations in neocortex, directly addressing what hippocampal/MTL activity represents during goal-directed cognition."
2026-08-28 12:06,yes,Reviewer #2 (Public review): Prior cocaine use disrupts identification of hidden states by single units and neural ensembles in orbitofrontal cortex,Unknown,https://doi.org/10.7554/elife.109883.2.sa1,2026-03-11,79,60,66,"This paper shows that prior cocaine exposure alters orbitofrontal cortex single-unit and ensemble coding of hidden task states in an odor sequence task, leading to inappropriate differentiation of states that controls treat as equivalent."
2026-08-28 12:06,yes,Reviewer #1 (Public review): Prior cocaine use disrupts identification of hidden states by single units and neural ensembles in orbitofrontal cortex,Unknown,https://doi.org/10.7554/elife.109883.2.sa2,2026-03-11,79,60,66,"This paper shows that prior cocaine exposure alters orbitofrontal cortex single-unit and ensemble coding of hidden task states in an odor sequence task, leading to abnormally persistent discrimination of states that controls collapse across learning."
2026-08-28 12:06,yes,Author response: Prior cocaine use disrupts identification of hidden states by single units and neural ensembles in orbitofrontal cortex,Unknown,https://doi.org/10.7554/elife.109883.2.sa0,2026-03-11,79,60,66,"This paper shows that prior cocaine exposure alters orbitofrontal cortex single-unit and ensemble coding of hidden task states in an odor sequence task, leading to inappropriate differentiation of states that controls treat as equivalent."
2026-08-28 12:06,yes,Prior cocaine use disrupts identification of hidden states by single units and neural ensembles in orbitofrontal cortex,eLife,https://doi.org/10.7554/elife.109883.2,2026-03-11,79,60,66,"This paper shows that prior cocaine exposure alters orbitofrontal cortex single-unit and ensemble coding of latent task states in an odor sequence task, disrupting the normal collapse over superficially different but behaviorally equivalent states."
2026-08-28 12:06,yes,eLife Assessment: Prior cocaine use disrupts identification of hidden states by single units and neural ensembles in orbitofrontal cortex,Unknown,https://doi.org/10.7554/elife.109883.2.sa3,2026-03-11,79,60,66,"This paper shows that prior cocaine self-administration alters orbitofrontal cortex single-unit and ensemble coding of latent task states in an odor sequence task, leading to abnormally persistent discrimination of states that controls behaviorally and neurally collapse together."
2026-08-28 12:06,yes,Cortico-hippocampal interactions during memory updating in highly dynamic environments,OSF Preprints (OSF Preprints),https://openalex.org/works/W7139829890,2026-03-17,100,45,62,"This appears to be a human fMRI study of cortico-hippocampal interactions in flexible memory updating and dynamic environments, which is broadly about hippocampal-supported cognition and belief updating but does not specifically dissect hippocampal/MTL representational content, multisensory integrat"
2026-08-28 12:06,no,vCA1 SST neurons represent avoidance states that guide anxiety-related behavioral choices,bioRxiv (Cold Spring Harbor Laboratory),https://doi.org/10.64898/2026.03.02.709156,2026-03-04,57,60,59,"This paper shows that ventral CA1 SST interneurons encode and causally influence avoidance-related internal states/intention rather than spatial position, linking hippocampal activity to threat-avoidance decision states but not to multisensory integration or formal state-inference/belief-updating me"
2026-08-28 12:06,no,Dentate gyrus and CA3 activity mediates light-tone second-order conditioning expression in mice,iScience,https://doi.org/10.1016/j.isci.2026.115522,2026-03-30,86,45,57,"The paper shows that dorsal dentate gyrus and CA3 activity is causally required for expressing a learned light–tone second-order association, implicating hippocampus in retrieval of indirectly learned cue–cue relationships rather than detailing representational content, multisensory integration mech"
2026-08-28 12:06,no,"Dentate Gyrus Engrams in Fear and Reward: Mechanistic Principles, Critical Gaps, and Paths to Translation",Journal of Neurochemistry,https://doi.org/10.1111/jnc.70413,2026-03-01,95,38,55,"This is a review of dentate gyrus fear and reward engrams focused on allocation, consolidation, and valence mechanisms, with little direct treatment of hippocampal/MTL representations of task state, multisensory integration, or formal state inference/belief updating."
2026-08-28 12:06,no,Hippocampal-parietal directed connectivity mediates brain network reconfiguration between internal and external attention: An intracranial EEG study,NeuroImage,https://doi.org/10.1016/j.neuroimage.2026.121891,2026-03-26,76,45,54,"Using intracranial EEG and Granger causality, this study shows that hippocampal–parietal directed connectivity and global network topology differ between internally and externally directed attention states, without specifically addressing hippocampal/MTL representations, multisensory integration, or"
2026-08-28 12:06,no,Interhemispheric CA1 projections to the subiculum support spatial cognition and are affected in a mouse model of the 22q11.2 deletion syndrome,Cell Reports,https://doi.org/10.1016/j.celrep.2026.117114,2026-03-20,83,40,53,"This paper anatomically and functionally characterizes a specific interhemispheric CA1→subiculum pathway and its disruption in a 22q11.2DS mouse model, showing effects on spatial and working memory but not addressing representational content, multisensory integration, or formal state inference/belie"
2026-08-28 12:06,no,Toroidal topology of grid-cell activity precedes spatial navigation during development,bioRxiv (Cold Spring Harbor Laboratory),https://doi.org/10.64898/2026.03.10.710908,2026-03-11,72,45,53,"This paper shows that toroidal grid-cell manifold structure in medial entorhinal cortex emerges very early in development, before spatial navigation and sensory experience, indicating an intrinsic network topology rather than experience-dependent coding of task states or multisensory integration."
2026-08-28 12:06,no,Habit and the hippocampus: Model-based spatial representations without outcome-sensitive control,bioRxiv (Cold Spring Harbor Laboratory),https://doi.org/10.64898/2026.03.06.710211,2026-03-10,44,55,52,"This study uses a spatial navigation/revaluation task to test whether hippocampal-dependent versus hippocampal-independent strategies support outcome-sensitive (goal-directed) versus outcome-insensitive (habitual) control, linking hippocampal spatial representations to model-based versus habitual de"
2026-08-28 12:06,no,Multimodal evidence for hippocampal engagement and modulation by functional connectivity-guided parietal TMS,Nature Communications,https://doi.org/10.1038/s41467-026-70346-x,2026-03-08,72,42,51,"This paper shows that parietal TMS guided by hippocampal functional connectivity can causally modulate hippocampal electrophysiological activity (especially theta), but it does not address what hippocampal representations encode, multisensory integration, or state inference mechanisms."
2026-08-28 12:06,no,Environmental Contexts and the Neural Basis of Memory and Spatial Navigation,European Journal of Clinical and Biomedical Sciences,https://doi.org/10.11648/j.ejcbs.20261201.12,2026-03-17,59,45,49,"This is a broad review on how environmental factors (enrichment, deprivation, stress, technology use) affect hippocampal-dependent memory and navigation, not a mechanistic or representational analysis of hippocampal/MTL coding, multisensory integration, or state inference."
2026-08-28 12:06,no,High-density extracellular recordings (Neuropixels/SiNAPS) of Hippocampal-Cortical dynamics during spatial behavior.,Open MIND,https://doi.org/10.48324/dandi.001695/0.260319.2023,2026-03-19,54,45,48,"This is a methods/dataset paper providing large-scale hippocampal–cortical recordings during navigation and rest, without directly analyzing what hippocampal/MTL activity represents or how states are inferred from multisensory cues."
2026-08-28 12:06,no,Distinct cortical regions support the coding of order across visual and auditory working memory,bioRxiv (Cold Spring Harbor Laboratory),https://doi.org/10.64898/2026.03.26.714445,2026-03-26,64,40,47,"This fMRI study shows that serial order in verbal working memory is spatially coded with modality-specific multivoxel patterns, including an auditory-specific effect in posterior hippocampus, but it does not address hippocampal task-state inference, multisensory integration, or belief updating beyon"
2026-08-28 12:06,no,Sequential narrative binding by hippocampal CA2/3 sustains lifespan episodic detail retrieval,bioRxiv (Cold Spring Harbor Laboratory),https://doi.org/10.64898/2026.03.17.712337,2026-03-19,49,45,46,"This lesion and volumetric study shows that hippocampal CA2/3 integrity supports sequential narrative binding and local coherence in episodic recall across the lifespan, but it does not address sensory/multisensory coding, task-state inference, or belief updating mechanisms."
2026-08-28 12:06,no,Sleep ripples drive single-neuron reactivation for human memory consolidation,bioRxiv (Cold Spring Harbor Laboratory),https://doi.org/10.64898/2026.03.27.714528,2026-03-31,48,45,46,"This paper shows that during human sleep, hippocampal/MTL ripples preferentially drive reactivation of neurons tuned to later-remembered items, linking ripple-driven single-neuron reactivation to episodic memory consolidation rather than to representational content, multisensory integration, or stat"
2026-08-28 12:06,no,Distinct and coordinated contributions of hippocampus and frontal eye field to novelty exploration and revisitation,NeuroImage,https://doi.org/10.1016/j.neuroimage.2026.121838,2026-03-03,48,45,46,"This paper shows that during visual exploration vs revisitation, human hippocampus and frontal eye field exhibit distinct theta/theta–gamma dynamics and synchrony linked to attention and memory processes, but it does not directly address hippocampal representational content, multisensory integration"
2026-08-28 12:06,no,GABAergic inhibition differentially gates recruitment of dentate gyrus interneurons by lateral entorhinal cortex inputs,bioRxiv (Cold Spring Harbor Laboratory),https://doi.org/10.64898/2026.03.11.710817,2026-03-12,100,20,44,"This in vitro slice study examines how specific GABAergic interneuron subtypes gate lateral entorhinal input to dentate gyrus granule cells at a cellular/synaptic level, without addressing representations, multisensory integration, or state inference in behavior or cognition."
2026-08-28 12:06,no,Evidence of allocentric spatial learning in male rats with large lesions of the hippocampus,PLoS ONE,https://doi.org/10.1371/journal.pone.0344593,2026-03-19,40,45,44,"This lesion study shows that some rats can still acquire allocentric search strategies in the Morris water maze despite large hippocampal damage, indicating partial preservation or compensation of allocentric spatial learning but without directly probing representational content, multisensory integr"
2026-08-28 12:06,no,"A Miniature Brain Transformer: Thalamic Gating, Hippocampal Lateralization, Amygdaloid Salience, and Prefrontal Working Memory in Attention-Coupled Latent Memory",arXiv (Cornell University),https://doi.org/10.48550/arxiv.2603.07217,2026-03-07,20,55,44,"This is a computational modeling paper that uses hippocampal, thalamic, amygdalar, and PFC analogues in a transformer-like architecture to study functional lateralization and context-dependent memory, but it does not directly analyze real hippocampal/MTL representations, multisensory integration, or"
2026-08-28 12:06,no,"TSA v8.7 : Cardiac interoceptive gating and the emergence of consciousness: data, simulations, evolutionary fit, and 8 preprints",Zenodo (CERN European Organization for Nuclear Research),https://doi.org/10.5281/zenodo.19484752,2026-03-12,55,40,44,"Shows that beat-to-beat cardiac prediction error correlates with insular high-gamma and insular-hippocampal theta coupling, within a broader interoception/consciousness framework rather than focused hippocampal representations or state inference."
2026-08-28 12:06,no,Sharp wave-ripple clusters enhance hippocampal-neocortical engagement for memory consolidation,bioRxiv (Cold Spring Harbor Laboratory),https://doi.org/10.64898/2026.03.27.714843,2026-03-31,49,40,43,"This paper shows that hippocampal sharp wave-ripples occur in temporally clustered groups that coordinate with cortical oscillations and support replay of extended spatial trajectories during sleep, emphasizing consolidation dynamics rather than representational content or state inference mechanisms"
2026-08-28 12:06,no,Hippocampal representations of temporal structure increase in scale and symmetry across development,bioRxiv (Cold Spring Harbor Laboratory),https://doi.org/10.64898/2026.03.10.710839,2026-03-11,39,45,43,"This developmental fMRI study shows that hippocampal item-level representations of temporal sequence structure (scale, directionality, and connectivity with frontoparietal cortex) change across childhood to adulthood during statistical learning, but it does not address multisensory integration or ex"
2026-08-28 12:06,no,Gyorgy Buzsaki — Shaping Modern Understanding of Neural Oscillations and Hippocampal Network Dynamics,Figshare,https://doi.org/10.6084/m9.figshare.31669048.v1,2026-03-12,38,45,43,"This is a broad, interview-style overview of Buzsáki’s work and philosophy on hippocampal oscillations and internal network dynamics, not a primary study directly analyzing hippocampal representations, multisensory integration, or formal state inference/belief updating."
2026-08-28 12:06,no,Hallmarks of healthy cognitive aging: Inter-individual differences in aging trajectories,Ageing Research Reviews,https://doi.org/10.1016/j.arr.2026.103102,2026-03-21,61,35,43,"This is a broad review on inter-individual variability in cognitive aging and MTL integrity, focusing on mechanisms like network organization and plasticity rather than on what hippocampal/MTL activity specifically represents, multisensory integration, or formal state inference/belief-updating compu"
2026-08-28 12:06,no,"Connectivity of the Superior Temporal Polysensory Area With the Presubiculum, Parasubiculum, Entorhinal Cortex, and Claustrum–Endopiriform Complex in the Common Marmoset ( Callithrix jacchus )",The Journal of Comparative Neurology,https://doi.org/10.1002/cne.70151,2026-03-01,60,35,42,"This is an anatomical tracer study mapping connectivity between a multisensory temporal area (STP) and presubiculum/parasubiculum/entorhinal cortex in marmoset, without addressing what these regions represent, how they integrate cues, or how they perform state inference or belief updating."
2026-08-28 12:06,no,Aperiodicity in Mouse CA1 and DG Power Spectra,eNeuro,https://doi.org/10.1523/eneuro.0136-25.2026,2026-03-01,59,35,42,"This paper quantifies and compares aperiodic LFP power spectrum components between CA1 and dentate gyrus and improves a toolbox for doing so, without addressing what hippocampal/MTL activity represents, multisensory integration, or state inference/belief updating."
2026-08-28 12:06,no,Functional heterogeneity of medial septal GABAergic neurons in theta rhythm modulation and septo-hippocampal communication,Brain Research Bulletin,https://doi.org/10.1016/j.brainresbull.2026.111827,2026-03-13,48,40,42,"This paper shows that distinct medial septal GABAergic subpopulations differentially drive or follow hippocampal theta, revealing a bidirectional septo-hippocampal inhibitory loop that modulates oscillations but does not address hippocampal representations, multisensory integration, or state inferen"
2026-08-28 12:06,no,Stress-Enhanced Fear Learning (SEFL) is Associated with Enhanced Reactivation of Fear Engrams in Caudal but not Rostral Dentate Gyrus,bioRxiv (Cold Spring Harbor Laboratory),https://doi.org/10.64898/2026.03.11.710413,2026-03-13,40,42,41,"This paper shows that prior traumatic stress increases reactivation of fear-memory engram cells specifically in caudal (but not rostral) dentate gyrus during contextual fear recall, focusing on stress effects on DG fear engrams rather than on general hippocampal task-state or multisensory representa"
2026-08-28 12:06,no,INTENSE: Detecting and disentangling neuronal selectivity in calcium imaging data,arXiv (Cornell University),https://doi.org/10.48550/arxiv.2603.04622,2026-03-04,56,35,41,"This is primarily a methods paper introducing an information-theoretic framework (INTENSE) for detecting neuronal selectivity from calcium imaging, with only tangential application to CA1 data and no direct focus on hippocampal representations, multisensory integration, or state inference mechanisms"
2026-08-28 12:06,no,"TSA v8.7.1 : Cardiac interoceptive gating and the emergence of consciousness: data, simulations, evolutionary ODE fit, and 8 preprints",Zenodo (CERN European Organization for Nuclear Research),https://doi.org/10.5281/zenodo.19486246,2026-03-12,55,35,41,"This work focuses on cardiac interoceptive prediction errors, insula activity, and a dynamical-systems model of selfhood, with only secondary mention of insular-hippocampal coupling and no direct analysis of hippocampal/MTL representations, multisensory integration, or state inference."
2026-08-28 12:06,no,Impact of aversive stimuli on spatial memory consolidation during sleep in the hippocampus-amygdala network,Médecine du Sommeil,https://doi.org/10.1016/j.msom.2025.12.122,2026-03-01,30,45,40,"The paper likely examines how aversive stimuli modulate hippocampus–amygdala interactions during sleep-dependent spatial memory consolidation, which is only indirectly related to questions about hippocampal representations, multisensory integration, or explicit state inference mechanisms."
2026-08-28 12:06,no,Differential utilization of a hippocampal learning strategy as a source of individual differences,MPG.PuRe (Max Planck Society),https://openalex.org/works/W7140956681,2026-03-01,30,45,40,"This lesion study shows that the hippocampus supports a particular spatial learning strategy in a track alternation task and that rats differ in their reliance on hippocampal-dependent versus hippocampal-independent strategies, but it does not analyze hippocampal representations, multisensory integr"
2026-08-28 12:06,no,A Unified Phase-native Computational Principle Governs Hippocampal Spike Timing and Neural Coding,arXiv (Cornell University),https://doi.org/10.48550/arxiv.2603.19690,2026-03-20,28,45,40,"This paper introduces a complex-valued neuron model to explain hippocampal spike timing and phase locking as a dynamical coding principle, focusing on temporal coding mechanics rather than on what hippocampal/MTL activity represents, multisensory integration, or state inference."
2026-08-28 12:06,no,"Liu et al., Nonlinear hippocampal coding of the pair-bonded partner in prairie voles",Mendeley Data,https://doi.org/10.17632/sgjpsbmctx.1,2026-03-18,28,45,40,"This paper shows that hippocampal neurons in prairie voles nonlinearly encode the identity of a bonded partner versus others, linking hippocampal activity to social recognition/bonding rather than to task-state inference, multisensory integration, or abstract internal computations."
2026-08-28 12:06,no,Reviewer #1 (Public review): A hypothalamo-septo-hippocampal circuit for REM sleep-dependent consolidation of social memory,Unknown,https://doi.org/10.7554/elife.110519.1.sa1,2026-03-12,28,45,40,"This paper shows that a REM-sleep–active lateral SuM → medial septum → CA2 circuit is necessary for consolidating social (vs contextual fear) memories, focusing on circuit-level contributions to memory consolidation rather than on the content or format of hippocampal/MTL representations or state inf"
2026-08-28 12:06,no,eLife Assessment: A hypothalamo-septo-hippocampal circuit for REM sleep-dependent consolidation of social memory,Unknown,https://doi.org/10.7554/elife.110519.1.sa2,2026-03-12,28,45,40,"This paper shows that a REM-sleep-active lateral SuM → medial septum → CA2 circuit is necessary for consolidating social (vs contextual fear) memories, focusing on circuit-level contributions to memory consolidation rather than on hippocampal representational content, multisensory integration, or st"
2026-08-28 12:06,no,Reviewer #2 (Public review): A hypothalamo-septo-hippocampal circuit for REM sleep-dependent consolidation of social memory,Unknown,https://doi.org/10.7554/elife.110519.1.sa0,2026-03-12,28,45,40,"The paper shows that a REM-sleep–active lateral SuM → medial septum → CA2 circuit is necessary for consolidating social (and partly contextual) memories, identifying a modality-specific hippocampal consolidation pathway rather than detailing what hippocampal representations encode or how states are "
2026-08-28 12:06,no,Multimodal MRI of the reorganization of multisensory and sensorimotor networks in chronic bilateral vestibulopathy,NeuroImage,https://doi.org/10.1016/j.neuroimage.2026.121870,2026-03-21,72,25,39,"This is a clinical MRI study of structural and resting-state changes in multisensory and sensorimotor networks (including anterior hippocampus) in bilateral vestibulopathy, without addressing what hippocampal/MTL activity represents, multisensory state inference, or belief updating mechanisms."
2026-08-28 12:06,no,Spatial representation in CA1 superficial pyramidal cells is impaired after postnatal ablation of hippocampal Cajal-Retzius cells,bioRxiv (Cold Spring Harbor Laboratory),https://doi.org/10.64898/2026.03.24.711525,2026-03-26,69,25,38,"This is a developmental/molecular study showing that postnatal ablation of Cajal-Retzius cells disrupts maturation and spatial firing of superficial CA1 pyramidal cells, not a study of hippocampal representations, multisensory integration, or state inference per se."
2026-08-28 12:06,no,A hypothalamo-septo-hippocampal circuit for REM sleep-dependent consolidation of social memory,eLife,https://doi.org/10.7554/elife.110519,2026-03-12,28,42,38,"This paper functionally dissects a SuM–MS–CA2 circuit for REM sleep-dependent consolidation of social (vs contextual fear) memory, without addressing the representational content, multisensory integration, or state-inference computations of hippocampal/MTL activity."
2026-08-28 12:06,no,Hippocampus mediates conceptual generalization of pain modulation,PubMed Central,https://doi.org/10.48550/arxiv.2603.16288,2026-03-17,20,45,38,"Shows that hippocampal activity mediates conceptual generalization of learned pain expectations to new but conceptually related cues, linking hippocampus to expectation-based pain modulation rather than detailed task-state or multisensory representations."
2026-08-28 12:06,no,Hippocampus mediates conceptual generalization of pain modulation: ALTERED PAIN PROCESSING BY CONCEPTUAL GENERALIZATION,HAL (Le Centre pour la Communication Scientifique Directe),https://openalex.org/works/W7139685238,2026-03-16,20,45,38,"This paper shows that hippocampal activity mediates how conceptually related cues (same semantic category) generalize learned pain expectations to modulate reported pain, linking hippocampus to conceptual generalization of pain rather than to detailed task-state inference or multisensory integration"
2026-08-28 12:06,no,The orbitofrontal cortex constructs allocentric schemas by integrating dynamic mobile agents with static environmental anchors,bioRxiv (Cold Spring Harbor Laboratory),https://doi.org/10.64898/2026.03.01.708836,2026-03-03,15,48,38,"Using fMRI RSA in a VR task, this paper shows that OFC integrates visual information about mobile agents and static landmarks into an allocentric spatial schema that is later expressed in anterior hippocampus for self-localization, making hippocampus/MTL involvement present but secondary rather than"
2026-08-28 12:06,no,When the beat drops - The functional anatomy of cardiac-induced sensory attenuation of auditory processing,bioRxiv (Cold Spring Harbor Laboratory),https://doi.org/10.64898/2026.03.24.713922,2026-03-26,70,25,38,"This paper uses MEG and dynamic causal modeling to show that cardiac phase modulates precision-weighting and attenuates auditory prediction-error responses, without involving hippocampus/MTL, navigation, or explicit task-state inference."
2026-08-28 12:06,no,2152 Phase-Specific Hippocampal Electrical Stimulation Disrupts Verbal Memory in Patients With Epilepsy,Neurosurgery,https://doi.org/10.1227/neu.0000000000003964_2152,2026-03-26,76,20,37,"This clinical stimulation study shows that phase-specific electrical disruption of the hippocampus in epilepsy patients impairs verbal memory performance, without addressing what hippocampal activity represents, multisensory integration, or state inference mechanisms."
2026-08-28 12:06,no,Electroacupuncture ameliorates vascular cognitive impairment through SIRT7‐mediated downregulation of H3K18 acetylation‐UBP1 in the hippocampus,Brain‐X,https://doi.org/10.1002/brx2.70049,2026-03-01,85,15,36,"This paper shows that electroacupuncture improves cognitive performance in a vascular cognitive impairment rat model via SIRT7-dependent regulation of hippocampal histone H3K18 acetylation and downstream genes, focusing on molecular/epigenetic mechanisms and synaptic plasticity rather than hippocamp"
2026-08-28 12:06,no,"The subiculum: cell-type-specific composition, computation, and function",Trends in Neurosciences,https://doi.org/10.1016/j.tins.2026.02.004,2026-03-14,38,35,36,"This is a review of subiculum cell types, spatial organization, and output pathways, providing anatomical and circuit-level context but offering little direct evidence about hippocampal/MTL representations, multisensory integration, or state inference computations."
2026-08-28 12:06,no,Mild concussion impairs extinction of avoidance and alters respective brain circuits in male rats,Experimental Neurology,https://doi.org/10.1016/j.expneurol.2026.115734,2026-03-14,74,20,36,"This paper shows that mild concussion in rats impairs extinction of avoidance behavior and alters c-Fos activity in ventral hippocampus and other regions, focusing on injury-related circuit changes rather than hippocampal representations, multisensory integration, or state inference mechanisms."
2026-08-28 12:06,no,Distinct Patterns of Cortical Atrophy Predict Cognitive Progression in Age-Related Hearing Loss: A Longitudinal MRI Study,American Journal of Neuroradiology,https://doi.org/10.3174/ajnr.a9326,2026-03-31,73,20,36,"This clinical MRI study links age-related hearing loss to faster entorhinal/temporal cortical atrophy and dementia progression, without addressing what MTL activity represents, multisensory integration mechanisms, or neural state inference/belief updating."
2026-08-28 12:06,no,Multi-site MRI analysis of morphometric differences in brain regions in the presence of hearing loss and tinnitus across the adult lifespan,bioRxiv (Cold Spring Harbor Laboratory),https://doi.org/10.64898/2026.03.06.710136,2026-03-10,72,20,36,"This paper reports structural MRI findings that hearing loss is associated with reduced hippocampal volume (and tinnitus with posterior cingulate/other cortical changes) across aging, without addressing hippocampal/MTL representations, multisensory integration, or state inference mechanisms."
2026-08-28 12:06,no,Amygdala and hippocampal contributions to broad autism phenotype: Project Ice Storm,Translational Psychiatry,https://doi.org/10.1038/s41398-026-03918-6,2026-03-19,69,20,35,"This is a clinical/individual-differences MRI study linking amygdala/hippocampal subregion volume and resting-state connectivity to autism-related traits, without addressing what hippocampal/MTL activity represents, multisensory integration, or state inference/belief updating mechanisms."
2026-08-28 12:06,no,Mild Traumatic Brain Injury Alters Hippocampal Sharp-Wave Ripple Properties: Implications in Memory Impairments,Journal of Neurotrauma,https://doi.org/10.1177/08977151261434221,2026-03-18,59,25,35,"This paper shows that mild traumatic brain injury alters hippocampal sharp-wave ripple incidence and properties during object exploration, linking SWR changes to memory impairment rather than to the content of hippocampal representations, multisensory integration, or state inference mechanisms."
2026-08-28 12:06,no,Abrogation of presynaptic facilitation at hippocampal mossy fiber synapses disrupts neural ensemble activity and spatial memory,Current Biology,https://doi.org/10.1016/j.cub.2026.02.027,2026-03-01,59,25,35,"This paper mainly shows that removing synaptotagmin 7 in dentate gyrus granule cells disrupts short-term presynaptic facilitation at mossy fiber–CA3 synapses, alters CA3 ensemble co-activity, and impairs pattern-completion-dependent spatial memory, focusing on synaptic and circuit mechanisms rather "
2026-08-28 12:06,no,Chemogenetic inhibition of developmentally-born hippocampal neurons but not loss of adult neurogenesis impairs spatial working memory in the rat,Behavioural Brain Research,https://doi.org/10.1016/j.bbr.2026.116151,2026-03-08,20,42,35,"This paper shows that chemogenetically inhibiting developmentally-born, but not adult-born, dentate gyrus granule cells impairs short-delay spatial working memory in a T-maze, without addressing what hippocampal/MTL activity represents, multisensory integration, or state inference mechanisms."
2026-08-28 12:06,no,Synaptic density in the hippocampus of depressed patients: A quantitative electron microscopic study,Progress in Neuro-Psychopharmacology and Biological Psychiatry,https://doi.org/10.1016/j.pnpbp.2026.111661,2026-03-10,78,15,34,"This post-mortem EM study quantifies hippocampal synaptic density in depressed vs. control patients and finds largely comparable densities with a localized CA3 reduction in a subset, without addressing hippocampal representations, multisensory integration, or state inference."
2026-08-28 12:06,no,"Insect Navigational Strategies without Cognitive Maps: Sensory Integration, Path Integration, and Bio-Inspired Algorithms",Planta Animalia,https://doi.org/10.71454/pa.005.03.0476,2026-03-29,68,20,34,"This is a broad review of insect navigation and sensory integration in central complex/mushroom bodies and bio-inspired algorithms, with no direct data or theory about hippocampal/MTL representations or neural state inference in mammals."
2026-08-28 12:06,no,Posterior hypothalamic nucleus serotonin depletion facilitates spatial learning and increases power and coherence in the posterior hypothalamic–septal–hippocampal circuit in rat,Behavioural Brain Research,https://doi.org/10.1016/j.bbr.2026.116190,2026-03-26,30,35,34,"This paper shows that depleting serotonin specifically in the posterior hypothalamic nucleus enhances Morris water maze spatial learning and increases theta power and coherence in the posterior hypothalamic–septal–hippocampal circuit, focusing on neuromodulatory control of theta rather than on hippo"
2026-08-28 12:06,no,Layer 5 and 6b extratelencephalic neurons encode distinct sound features in auditory cortex,bioRxiv (Cold Spring Harbor Laboratory),https://doi.org/10.64898/2026.03.19.712991,2026-03-20,89,10,34,"This paper characterizes sound-evoked response properties of specific corticofugal neuron subtypes in auditory cortex, without addressing hippocampal/MTL representations, multisensory integration, or state inference/belief updating."
2026-08-28 12:06,no,Neuronal correlates of spatial memory updating: c-Fos and GAD67 expression in the object-place recognition task,Scientific Reports,https://doi.org/10.1038/s41598-026-43986-8,2026-03-12,39,30,33,"This paper mainly reports region- and cell-type–specific c-Fos/GAD67 expression differences during an object-place recognition vs. control condition, without characterizing hippocampal/MTL representations, multisensory integration, or explicit state inference/belief-updating computations."
2026-08-28 12:06,no,The VGLUT3 positive neurons of the median raphe region promote long-term spatial memory through time-dependent mechanisms,Progress in Neurobiology,https://doi.org/10.1016/j.pneurobio.2026.102904,2026-03-07,28,35,33,"This paper shows that activating VGLUT3+ median raphe neurons projecting to hippocampus enhances long-term spatial memory performance in a water maze, focusing on neuromodulatory influence rather than hippocampal representations, multisensory integration, or state inference mechanisms."
2026-08-28 12:06,no,Single-Sided Multimodal Neural Probe Enabling Co-Localized Recording of Electrical and Chemical Signals,ACS Chemical Neuroscience,https://doi.org/10.1021/acschemneuro.5c00952,2026-03-05,62,20,33,"This is a methods paper demonstrating a new multimodal probe that can simultaneously record spikes and glucose levels in mouse CA3, without addressing hippocampal representations, multisensory integration, or state inference/belief updating."
2026-08-28 12:06,no,Spatial Mapping of Genetic Liability to Psychiatric Disorders in the Adult Human Hippocampus,Biological Psychiatry Global Open Science,https://doi.org/10.1016/j.bpsgos.2026.100719,2026-03-05,60,20,32,"This paper uses spatial transcriptomics to map where genetic risk for psychiatric disorders is enriched across hippocampal subregions and cell types, without addressing neural representations, multisensory integration, or state inference at the computational/functional level."
2026-08-28 12:06,no,Intraoperative 40 Hz Visual Light Flicker Attenuates Anesthesia/Surgery‐Induced Cognitive Impairments in Elderly Mice With Enhanced Cortical‐Hippocampal Coherence,CNS Neuroscience & Therapeutics,https://doi.org/10.1002/cns.70809,2026-03-01,49,25,32,"This paper shows that 40 Hz visual flicker during anesthesia/surgery preserves visual cortex–dentate gyrus gamma coherence and improves postoperative cognitive performance in mice, without addressing what hippocampal/MTL activity represents or how states are inferred from sensory cues."
2026-08-28 12:06,no,"State-dependent fornix-hippocampal communication and the impact of deep brain stimulation: Insights from supervised learning, granger causality and causal discovery analyses",Brain stimulation,https://doi.org/10.1016/j.brs.2026.103070,2026-03-11,48,25,32,"This paper analyzes state-dependent theta-band communication and directionality between fornix and hippocampus, mainly in a DBS/clinical-physiology context, without addressing what hippocampal representations encode, multisensory integration, or explicit state inference/belief updating."
2026-08-28 12:06,no,Neural signatures of human psychological resilience driven by acute stress,Proceedings of the National Academy of Sciences,https://doi.org/10.1073/pnas.2524075123,2026-03-25,50,25,32,"This paper shows that individual differences in psychological resilience after acute stress are associated with large-scale network activity (salience and default mode networks), oscillatory power, and increased posterior hippocampal activity, without addressing hippocampal representations, multisen"
2026-08-28 12:06,no,Effects of exercise on behavior and hippocampal neuroinflammation in rat model of autism spectrum disorder,Brain Behavior & Immunity - Health,https://doi.org/10.1016/j.bbih.2026.101208,2026-03-04,68,15,31,"This paper shows that voluntary running exercise in a valproic-acid rat model of autism improves behavior and reduces hippocampal microglial activation and cytokine markers of neuroinflammation, without addressing hippocampal representations, multisensory integration, or state inference."
2026-08-28 12:06,no,Microelectrode array scaled for human hippocampal slices,Epilepsia Open,https://doi.org/10.1002/epi4.70204,2026-03-25,67,15,31,"This paper develops and validates a microelectrode array for recording from human hippocampal slices in the context of temporal lobe epilepsy, focusing on technical/clinical electrophysiology rather than hippocampal representations, multisensory integration, or state inference."
2026-08-28 12:06,no,"Amyloid-β acute exposition affects the CA1 hippocampal network activity and its topological organization, evaluated with multielectrode arrays",Frontiers in Dementia,https://doi.org/10.3389/frdem.2026.1738954,2026-03-06,67,15,31,"This in vitro MEA study examines how acute amyloid-β exposure alters firing rates and network topology in CA1 slices, focusing on disease-related network dysfunction rather than hippocampal representations, multisensory integration, or state inference/belief updating."
2026-08-28 12:06,no,Evaluating the task‐specificity model of verbal memory: Regional volumetric analyses in temporal lobe epilepsy with hippocampal sclerosis,Epilepsia Open,https://doi.org/10.1002/epi4.70195,2026-03-26,57,20,31,"This is a clinical volumetric study in TLE-HS linking left hippocampal atrophy to poorer verbal memory performance, without addressing what hippocampal/MTL activity represents, multisensory integration, or state inference/belief updating mechanisms."
2026-08-28 12:06,no,From chronic pain to depression: Neurogenesis-driven microglial remodeling in the hippocampal dentate gyrus,Science,https://doi.org/10.1126/science.aee6177,2026-03-19,57,20,31,"This paper focuses on cellular and microglial mechanisms of hippocampal dentate gyrus remodeling in chronic pain–related depression, not on hippocampal/MTL representations, multisensory integration, or state inference."
2026-08-28 12:06,no,Posterior parietal cortex oscillatory activity reflects persistent spatial memory impairments induced by early hippocampal amyloidosis in male mice,The Journal of Physiology,https://doi.org/10.1113/jp286196,2026-03-10,57,20,31,"This is primarily an Alzheimer’s disease/amyloidosis study linking hippocampal and posterior parietal oscillatory disruptions to spatial memory impairments, not a mechanistic investigation of hippocampal/MTL representations, multisensory integration, or state inference/belief updating."
2026-08-28 12:06,no,"Detailed, up-to-date, multipurpose model of hippocampal CA1 pyramidal cells",Zenodo (CERN European Organization for Nuclear Research),https://doi.org/10.5281/zenodo.18907955,2026-03-08,57,20,31,"This paper builds a detailed biophysical model of CA1 pyramidal neurons to reproduce their electrophysiological properties, without addressing hippocampal representations, multisensory integration, or state inference at the cognitive/task level."
2026-08-28 12:06,no,Circadian Changes in CA1 LTP Are Driven by Shifts in Excitation–Inhibition Balance and Reverse Direction after Puberty in Mice,Journal of Neuroscience,https://doi.org/10.1523/jneurosci.2244-25.2026,2026-03-03,57,20,31,"This paper shows that circadian phase and puberty modulate CA1 LTP magnitude via changes in excitation–inhibition balance, without addressing hippocampal representations, multisensory integration, or state inference at a cognitive/algorithmic level."
2026-08-28 12:06,no,Multisensory integration in peripersonal space indexes consciousness states in sleep and disorders of consciousness,Cell Reports Medicine,https://doi.org/10.1016/j.xcrm.2026.102705,2026-03-31,56,20,31,"This paper uses EEG to define a peripersonal-space multisensory index as a clinical marker of consciousness in sleep and disorders of consciousness, without addressing hippocampal/MTL representations, task-state inference, or belief updating mechanisms."
2026-08-28 12:06,no,Neurobiological Mechanisms Underlying Hippocampal Dysfunction in Post-Traumatic Stress Disorder,Current Neuropharmacology,https://doi.org/10.2174/011570159x415958251203162056,2026-03-16,56,20,31,"This is a clinical/molecular review of hippocampal dysfunction in PTSD and fear circuitry, not a study of hippocampal/MTL representations, multisensory integration, or state inference/belief updating mechanisms."
2026-08-28 12:06,no,"Long-term variable photoperiod disrupts serotonin signaling in prefrontal cortex and hippocampus, contributing to mood and cognitive deficits",Brain Research Bulletin,https://doi.org/10.1016/j.brainresbull.2026.111821,2026-03-11,56,20,31,"This paper shows that chronic circadian misalignment alters serotonergic signaling and receptor expression in PFC and hippocampus, leading to anxiety-, depression-like behavior and cognitive deficits, without addressing hippocampal representations, multisensory integration, or state inference mechan"
2026-08-28 12:06,no,Acquisition and extinction of drug-context memories are linked to distinct epigenetic and transcriptional mechanisms in the mouse dentate gyrus,bioRxiv (Cold Spring Harbor Laboratory),https://doi.org/10.64898/2026.03.02.708528,2026-03-05,56,20,31,"This paper shows that cocaine-context memory acquisition and extinction in mouse dentate gyrus involve largely distinct DNA methylation and gene expression changes, focusing on molecular epigenetic mechanisms rather than neural representations or state inference."
2026-08-28 12:06,no,Editorial: Reviews in non-neuronal cells 2024 & 2025,Frontiers in Cellular Neuroscience,https://doi.org/10.3389/fncel.2026.1825487,2026-03-27,80,10,31,"This is an editorial overview of non-neuronal cell roles in nervous system health and disease, focusing on glia, immune, and vascular cells rather than hippocampal/MTL representations, multisensory integration, or state inference."
2026-08-28 12:06,no,Case Report: Vestibular cortex morphometry in Usher Syndrome: a case-based study,Frontiers in Audiology and Otology,https://doi.org/10.3389/fauot.2026.1767944,2026-03-12,69,15,31,"This is a small clinical morphometry case report on vestibular cortex (including hippocampal volume) in Usher syndrome, without addressing hippocampal/MTL representations, multisensory integration mechanisms, or state inference/belief updating."
2026-08-28 12:06,no,Correction: Integrating fMRI spatial network dynamics and EEG spectral power: insights into resting state connectivity,Frontiers in Neuroscience,https://doi.org/10.3389/fnins.2026.1797621,2026-03-03,68,15,31,"This is a methods-focused paper on integrating EEG and fMRI to study large-scale resting-state connectivity, without specific analysis of hippocampal/MTL representations, multisensory integration, or state inference/belief updating."
2026-08-28 12:06,no,Ginsenoside Rb1 Ameliorates Age‐Related Cognitive Impairment Potentially by Modulating the NF‐κB Signaling Pathway,Brain and Behavior,https://doi.org/10.1002/brb3.71334,2026-03-30,57,20,31,"This paper shows that chronic ginsenoside Rb1 treatment improves Morris water maze performance and reduces hippocampal inflammatory/senescence markers in aged mice, focusing on NF-κB–related molecular pathology rather than hippocampal representations, multisensory integration, or state inference mec"
2026-08-28 12:06,no,Toward fMRI-based hyperscanning in the study of the cocktail-party effect,Frontiers in Neuroscience,https://doi.org/10.3389/fnins.2026.1806385,2026-03-25,57,20,31,"This paper is a methods/phenomenology piece on fMRI hyperscanning and inter-brain synchronization during selective listening in cocktail-party settings, without specific focus on hippocampal/MTL representations, multisensory integration, or formal state-inference/belief-updating mechanisms."
2026-08-28 12:06,no,NEUROHUMORAL MECHANISMS OF REGULATION OF MNEMONIC PROCESSES (ANALYTICAL REVIEW),Вестник Челябинского государственного университета Образование и здравоохранение,https://doi.org/10.47475/2409-4102-2026-33-1-63-69,2026-03-31,56,20,31,"This is a broad neurochemical review of how neurotransmitters and hormones modulate memory processes in structures like the hippocampus, not a study of hippocampal/MTL representations, multisensory integration, or state inference/belief updating."
2026-08-28 12:06,no,Functional Ultrasound Imaging-Based Mapping of Cocaine Induced Neural Changes in Awake Mice,Current Neuropharmacology,https://doi.org/10.2174/011570159x398148251203065946,2026-03-16,56,20,31,"This paper uses functional ultrasound to show that acute cocaine exposure increases cortical activity and disrupts large-scale functional connectivity (including hippocampus–cortex–thalamus), and uses these patterns to classify drug vs. baseline state, without addressing hippocampal/MTL representati"
2026-08-28 12:06,no,Scalp electroacupuncture targeting trigeminal nerve activation alleviates post‐traumatic stress disorder–induced depression and neuroinflammation in mice,Animal Models and Experimental Medicine,https://doi.org/10.1002/ame2.70164,2026-03-15,56,20,31,"This paper examines how scalp electroacupuncture modulates trigeminal pathways, neuroinflammation, and LC–norepinephrine signaling to alleviate PTSD-like depression/anxiety in mice, with only incidental mention of hippocampal/entorhinal activity and no analysis of representations, multisensory integ"
2026-08-28 12:06,no,Noisy galvanic vestibular stimulation improves postural stability under virtual reality perturbation by enhancing vestibular processing and multisensory integration,Journal of NeuroEngineering and Rehabilitation,https://doi.org/10.1186/s12984-026-01944-5,2026-03-12,78,10,30,"This paper shows that noisy galvanic vestibular stimulation improves postural stability and alters muscle and frontoparietal cortical activity during VR-induced visual–vestibular conflict, without addressing hippocampal/MTL representations or formal state inference."
2026-08-28 12:06,no,Salvinorin A exerts antiepileptic effects by regulating PINK1/Parkin-mediated mitophagy in the hippocampus of pilocarpine-induced chronic epileptic mice,DOAJ (DOAJ: Directory of Open Access Journals),https://doi.org/10.12467/j.issn.2096-3882.20250912,2026-03-01,76,10,30,"This paper shows that the κ-opioid agonist Salvinorin A reduces seizures and hippocampal neuronal damage in pilocarpine-induced epileptic mice via regulating PINK1/Parkin-mediated mitophagy, without addressing hippocampal representations, multisensory integration, or state inference."
2026-08-28 12:06,no,The role of GABAA receptors in hippocampus-dependent cognitive functions,Neuroscience & Biobehavioral Reviews,https://doi.org/10.1016/j.neubiorev.2026.106659,2026-03-24,53,20,30,"This review focuses on molecular and receptor-level mechanisms of GABAA-mediated inhibition in hippocampus and their effects on general learning and memory, not on representational content, multisensory integration, or state inference computations."
2026-08-28 12:06,no,Dietary Bioactives and Physical Activity in the Regulation of Hippocampal Neurogenesis and Cognitive Decline,Food Science & Nutrition,https://doi.org/10.1002/fsn3.71613,2026-03-01,53,20,30,"This review discusses how diet and exercise affect molecular pathways regulating hippocampal neurogenesis and neuroinflammation in aging and disease, without addressing what hippocampal/MTL activity represents, multisensory integration, or state inference/belief updating."
2026-08-28 12:06,no,Pitch at the Cocktail Party: A Comparative Approach to Studying Selective Attention,Preprints.org,https://doi.org/10.20944/preprints202603.0223.v1,2026-03-03,75,10,30,"This review focuses on pitch-based selective attention and auditory cortical mechanisms in cocktail-party listening, with no substantive treatment of hippocampal/MTL representations, multisensory integration, or state inference/belief updating."
2026-08-28 12:06,no,A Brake on Disinhibition: Non‐Hebbian Learning at VIP Interneuron Outputs,Acta Physiologica,https://doi.org/10.1111/apha.70185,2026-03-04,53,20,30,"This paper demonstrates a specific form of non-Hebbian inhibitory synaptic plasticity at VIP-interneuron-to-interneuron synapses in hippocampal disinhibitory circuits, without addressing hippocampal representations, multisensory integration, or state inference at the cognitive/computational level."
2026-08-28 12:06,no,A systematic cross-modal approach identifies astrocytic VCAM1 as a regulator of hippocampal synapse development,bioRxiv (Cold Spring Harbor Laboratory),https://doi.org/10.64898/2026.03.17.712320,2026-03-18,72,10,29,"This paper identifies astrocytic VCAM1 as a molecular regulator of hippocampal synapse development, focusing on cell-surface proteins and synaptogenesis rather than hippocampal representations, multisensory integration, or state inference."
2026-08-28 12:06,no,cGMP supports hippocampal synaptic plasticity by promoting cGKI-dependent postsynaptic Ca 2+ oscillations,Unknown,https://doi.org/10.14293/cgmp.26000118.v1,2026-03-31,49,20,29,"This paper shows that postsynaptic cGMP–cGKI signaling in CA1 pyramidal neurons is required for normal hippocampal LTP and Morris water maze performance via effects on Ca2+ oscillations and AMPAR phosphorylation, focusing on molecular plasticity mechanisms rather than representational content or sta"
2026-08-28 12:06,no,Thalamic reticular neurons provide cell type-specific modulation of sound processing in the auditory thalamus,PLoS Biology,https://doi.org/10.1371/journal.pbio.3003693,2026-03-12,74,10,29,"This paper shows that distinct inhibitory neuron types in thalamic reticular nucleus differentially project to and modulate subregions of the auditory thalamus during sound processing, without addressing hippocampal/MTL representations, multisensory integration, or state inference."
2026-08-28 12:06,no,ACSS2 mediates prenatal alcohol exposure-related morphological and behavioral phenotypes,Neurobiology of Disease,https://doi.org/10.1016/j.nbd.2026.107341,2026-03-03,56,18,29,"This paper examines ACSS2-dependent molecular, epigenetic, and developmental mechanisms underlying prenatal alcohol exposure effects (including in dorsal hippocampus), not hippocampal/MTL representations, multisensory integration, or state inference/belief updating."
2026-08-28 12:06,no,Psilocybin Attenuates Cortical Representations of Aversion in the Mouse Auditory Cortex,bioRxiv (Cold Spring Harbor Laboratory),https://doi.org/10.64898/2026.03.26.714498,2026-03-27,49,20,29,"This paper shows that psilocybin selectively dampens well-consolidated aversive sensory representations in mouse auditory cortex, without involving hippocampal/MTL circuitry, multisensory integration, or explicit state-inference computations."
2026-08-28 12:06,no,ROIsGAN: A region guided generative adversarial framework for murine hippocampal subregion segmentation,Expert Systems with Applications,https://doi.org/10.1016/j.eswa.2026.132009,2026-03-11,69,10,28,"This paper develops a GAN-based method for segmenting murine hippocampal subregions in histological images and does not address neural representations, multisensory integration, or state inference."
2026-08-28 12:06,no,Effect of Potentilla reptans L. Root on Memory Deficits and Hippocampal BDNF Levels in Rats Following Chronic Constriction Injury (CCI) of the Sciatic Nerve,Neurochemical Journal,https://doi.org/10.1134/s1819712426700091,2026-03-01,59,15,28,"This paper shows that a plant extract (Potentilla reptans L. root) mitigates CCI-induced memory deficits and hippocampal neuronal/BDNF changes in rats, without addressing what hippocampal activity represents, multisensory integration, or state inference mechanisms."
2026-08-28 12:06,no,Insomnia‐Driven Hippocampal Atrophy: Evidence From Bidirectional Mendelian Randomization,Health Science Reports,https://doi.org/10.1002/hsr2.71796,2026-03-01,48,20,28,"This Mendelian randomization study tests causal links between genetic liability to insomnia and gross hippocampal volume/atrophy, without addressing what hippocampal/MTL activity represents, multisensory integration, or state inference computations."
2026-08-28 12:06,no,APOE4 and doxorubicin impair inhibitory interneuron function and homeostatic regulation in the entorhinal cortex,PLoS ONE,https://doi.org/10.1371/journal.pone.0343276,2026-03-26,47,20,28,"This is an ex vivo electrophysiology paper on APOE4 and chemotherapy effects on entorhinal inhibitory/excitatory balance and PV interneuron function, with no analysis of representations, task state, multisensory integration, or state inference."
2026-08-28 12:06,no,Endocannabinoid Enhancement via MAGL Inhibition in CDKL5 Deficiency: Selective Cellular Benefits and Domain-Specific Functional Effects in Adult Cdkl5 KO Mice,International Journal of Molecular Sciences,https://doi.org/10.3390/ijms27062773,2026-03-19,59,15,28,"This paper examines molecular and cellular effects of MAGL inhibition and endocannabinoid enhancement in a Cdkl5 knockout mouse model, with only incidental mention of hippocampal CA1 neuronal survival and no analysis of hippocampal/MTL representations, multisensory integration, or state inference/be"
2026-08-28 12:06,no,Loss of Bassoon in telencephalic excitatory neurons stabilizes non-aversive memories and strengthens aversive associations in social and non-social contexts,Neurobiology of Disease,https://doi.org/10.1016/j.nbd.2026.107362,2026-03-18,48,20,28,"This paper examines how deleting the presynaptic protein Bassoon in telencephalic excitatory neurons alters fear and social memory persistence and extinction, focusing on synaptic/molecular mechanisms and behavioral flexibility rather than on hippocampal/MTL representations, multisensory integration"
2026-08-28 12:06,no,Multisensory integration in action: Improving goal-directed movement in children with motor impairments,Perception,https://doi.org/10.1177/03010066261431229,2026-03-18,68,10,27,"This paper tests how audiovisual cues affect reaching times in children with motor impairments using a climbing wall, without addressing hippocampal/MTL representations, state inference, or belief updating mechanisms."
2026-08-28 12:06,no,Sex and Age Differences in Apoptosis in the Developing Mouse Hippocampus and Cerebral Cortex,Journal of physiological investigation.,https://doi.org/10.4103/ejpi.ejpi-d-25-00048,2026-03-13,68,10,27,"This paper quantifies sex- and age-dependent apoptosis and related gene expression in developing mouse hippocampus and cortex, without addressing neural representations, multisensory integration, or state inference."
2026-08-28 12:06,no,Microglial response to sleep deprivation depends on the hippocampal region and paradigm used in adult male mice,Brain Behavior & Immunity - Health,https://doi.org/10.1016/j.bbih.2026.101213,2026-03-04,68,10,27,"This paper examines how different sleep-deprivation paradigms alter microglial density and morphology across hippocampal subregions, focusing on cellular immune responses rather than hippocampal representations, multisensory integration, or state inference."
2026-08-28 12:06,no,Localization of Puncta Adherentia Junctions at GABAergic Synapses on Parvalbumin‐Positive GABAergic Inhibitory Neurons in the Mouse Hippocampus,The Journal of Comparative Neurology,https://doi.org/10.1002/cne.70152,2026-03-01,68,10,27,"This paper anatomically characterizes adhesion-junction molecules at different hippocampal synapse types on PV-positive interneurons, without addressing neural representations, multisensory integration, or state inference."
2026-08-28 12:06,no,Electroacupuncture Combined With Paroxetine Improves Depression-Like Behavior in Rats by Regulating SIRT2/AMPAR in the Hippocampal Dentate Gyrus,Journal of Integrative Neuroscience,https://doi.org/10.31083/jin44692,2026-03-31,67,10,27,"This is a molecular/cellular depression-treatment study in rats focusing on SIRT2/AMPAR signaling and synaptic ultrastructure in dentate gyrus, without addressing hippocampal representations, multisensory integration, or state inference/belief updating."
2026-08-28 12:06,no,Fermented Suan Zao Ren ameliorates sleep in a mouse model of blood-deficiency insomnia by modulating hippocampal monoamines,Journal of Traditional Chinese Medical Sciences,https://doi.org/10.1016/j.jtcms.2026.03.008,2026-03-24,67,10,27,"This paper tests a fermented herbal treatment in a mouse insomnia model and measures bulk hippocampal monoamine levels, without addressing hippocampal/MTL representations, multisensory integration, or state inference/belief updating."
2026-08-28 12:06,no,Early microglial activation in the TME enables FLASH-RT to eradicate medulloblastoma while promoting neuron-astrocyte crosstalk to minimize toxicity in the hippocampus,bioRxiv (Cold Spring Harbor Laboratory),https://doi.org/10.64898/2026.03.16.712103,2026-03-18,67,10,27,"This paper examines microglial activation, tumor microenvironment, and neuron–astrocyte crosstalk in the hippocampus under FLASH vs conventional radiotherapy, focusing on neuroinflammation and cognitive side effects rather than hippocampal representations, multisensory integration, or state inferenc"
2026-08-28 12:06,no,Sex-specific changes in the hippocampal proteome of Negr1−/− mice: insight into the mechanisms of neuropsychiatric disorders,Figshare,https://doi.org/10.6084/m9.figshare.c.8458041,2026-03-26,56,15,27,"This paper uses proteomics in Negr1−/− mice to identify sex-specific molecular and protein-expression changes in the hippocampus related to neuropsychiatric risk, without addressing hippocampal representations, multisensory integration, or state inference at the systems or computational level."
2026-08-28 12:06,no,Gestational choline supplementation regulates hippocampal granule neuron development and emotion-like behavior,Figshare,https://doi.org/10.6084/m9.figshare.31441492.v1,2026-03-13,48,18,27,"This paper examines how gestational choline supplementation alters molecular, epigenetic, and developmental properties of hippocampal granule neurons and associated emotion-like behaviors, without addressing hippocampal/MTL representations, multisensory integration, or state inference/belief updatin"
2026-08-28 12:06,no,Sensor Memory Desynchronization Theory of Déjà Vu with the Multisensory Asynchrony Model (MAM),OSF Preprints (OSF Preprints),https://openalex.org/works/W7137449899,2026-03-14,33,25,27,"This is a theoretical/cognitive model of déjà vu based on multisensory timing and attention, without direct data or specific claims about hippocampal/MTL representations, state inference, or belief updating mechanisms."
2026-08-28 12:06,no,GR / HDAC3 Regulates Npas4 Signaling Pathway and Mediates Cognitive Impairment in Prenatal Hypoxia Male Offspring,The FASEB Journal,https://doi.org/10.1096/fj.202502736r,2026-03-16,56,15,27,"This paper examines how prenatal hypoxia alters glucocorticoid/HDAC3/Npas4 signaling, hippocampal neurogenesis, and cognitive impairment at a molecular/developmental level, without addressing hippocampal representations, multisensory integration, or state inference mechanisms."
2026-08-28 12:06,no,Sex-Specific Vulnerability to Radiofrequency Electromagnetic Radiation-Induced Reproductive and Neurological Impairment in Mice,bioRxiv (Cold Spring Harbor Laboratory),https://doi.org/10.64898/2026.03.06.710073,2026-03-10,56,15,27,"This paper examines sex-specific reproductive and gross neurobehavioral effects of radiofrequency radiation in mice, with some hippocampal neurodegeneration, but it does not address hippocampal/MTL representations, multisensory integration, or state inference/belief updating mechanisms."
2026-08-28 12:06,no,"The Role of Oxytocin-Driven Synaptic Plasticity in Post-Traumatic Stress Disorder: Mechanisms, Therapeutic Potential, and Future Directions",Current Pharmaceutical Design,https://doi.org/10.2174/0113816128450800260202064712,2026-03-26,49,18,27,"This review focuses on oxytocin-driven synaptic plasticity and therapeutic implications in PTSD, with only broad, non-representational discussion of hippocampal function and no direct work on hippocampal/MTL representations, multisensory integration, or state inference/belief updating."
2026-08-28 12:06,no,Gq-pathway activation in hippocampal CA1 astrocytes rescues ischemia-induced memory deficits and synaptic plasticity,bioRxiv (Cold Spring Harbor Laboratory),https://doi.org/10.64898/2026.03.20.713091,2026-03-23,40,20,26,"This paper shows that chemogenetic activation of Gq signaling in hippocampal CA1 astrocytes after ischemic stroke restores synaptic plasticity and memory performance, with astrocytic Ca2+ activity preceding neuronal activity, but it focuses on cellular mechanisms of recovery rather than on what hipp"
2026-08-28 12:06,no,Distinct morphological patterns of the hippocampus and amygdala in normal and pathological aging,Journal of Alzheimer s Disease,https://doi.org/10.1177/13872877261431845,2026-03-20,40,20,26,"This paper uses structural MRI morphometry to compare hippocampal and amygdala atrophy patterns in normal aging, MCI, and Alzheimer’s disease, without addressing what hippocampal/MTL activity represents, multisensory integration, or state inference/belief updating."
2026-08-28 12:06,no,The MAP6-NTS axis in hippocampal CA1 regulates synaptic plasticity and memory,Neuropharmacology,https://doi.org/10.1016/j.neuropharm.2026.110921,2026-03-11,40,20,26,"This paper shows that deleting MAP6 in mice impairs hippocampal-dependent memory and CA1 LTP, and that restoring neurotensin signaling in CA1 rescues these synaptic and behavioral deficits, focusing on molecular mechanisms rather than representational or state-inference questions."
2026-08-28 12:06,no,Large-scale reorganization of DNA methylation and upregulation of extracellular matrix genes in the dorsal dentate gyrus following cocaine taking,bioRxiv (Cold Spring Harbor Laboratory),https://doi.org/10.64898/2026.03.02.708518,2026-03-05,40,20,26,"This paper shows that cocaine self-administration induces large-scale DNA methylation changes and upregulation of extracellular matrix–related genes in dorsal dentate gyrus granule cells, focusing on molecular epigenomic plasticity rather than hippocampal representations, multisensory integration, o"
2026-08-28 12:06,no,Movement-stabilized three-dimensional optical recordings of membrane potential changes and calcium dynamics in hippocampal CA1 dendrites,Neuron,https://doi.org/10.1016/j.neuron.2026.01.004,2026-03-03,40,20,26,"This paper develops a motion-corrected voltage/calcium imaging method and uses it to characterize local dendritic spikes and somato-dendritic/electro-calcium coupling in CA1 pyramidal dendrites, without addressing hippocampal representations, multisensory integration, or state inference at the cogni"
2026-08-28 12:06,no,Hippocampal Neurosustainability for Stress Resilience: A Pro-Neurogenic BDNF-Targeted Architectural Enrichment Framework to Overcome Type 2 Allostatic Overload,Brain Sciences,https://doi.org/10.3390/brainsci16040370,2026-03-29,39,20,26,"This is a theoretical/architectural framework paper about stress, BDNF, and hippocampal neurogenesis in built environments, not about hippocampal/MTL representations, multisensory integration, or neural state inference/belief updating."
2026-08-28 12:06,no,Chronic hypoxia reshapes the brain: subregional volume reductions of the hippocampus and amygdala contrasts with behavioral resilience in long-term high-altitude migrants,Frontiers in Neuroscience,https://doi.org/10.3389/fnins.2026.1789272,2026-03-26,39,20,26,"This paper shows that chronic high-altitude hypoxia is associated with reduced hippocampal and amygdalar subregion volumes and their correlations with insomnia severity and exposure duration, without addressing what hippocampal/MTL activity represents, multisensory integration, or state inference me"
2026-08-28 12:06,no,Positive coping enhances children’s emotional wellness via neuroendocrine modulation of cortisol awakening response and hippocampal circuitry,Psychoneuroendocrinology,https://doi.org/10.1016/j.psyneuen.2026.107842,2026-03-21,39,20,26,"This developmental study links children’s positive coping and cortisol awakening response to later hippocampal activation and hippocampus–vlPFC connectivity during emotional processing, without addressing what hippocampal/MTL activity represents, multisensory integration, or state inference/belief u"
2026-08-28 12:06,no,Prefrontal and Hippocampal Structure Predict Statistical Learning Ability in Early Childhood,UNC Libraries,https://doi.org/10.17615/q1k9-sc66,2026-03-26,30,25,26,"This developmental MRI study links hippocampal and prefrontal structure to children’s statistical learning performance but does not address what hippocampal/MTL activity represents, multisensory integration, or neural mechanisms of state inference/belief updating."
2026-08-28 12:06,no,rTCT : Rodent Triangle Completion Task to Facilitate Reverse Translational Study of Path Integration,Hippocampus,https://doi.org/10.1002/hipo.70090,2026-03-30,28,25,26,"This paper introduces and validates a behavioral rodent triangle completion task for path integration and cross-species comparison, without analyzing hippocampal/MTL representations, multisensory integration mechanisms, or neural state inference/belief updating."
2026-08-28 12:06,no,Antidepressant mechanisms of a food-medicine homologous compound concentrate from Hemerocallis citrina Baroni: Regulation of PI3K/AKT/BDNF signaling pathway in preclinical models,Journal of Traditional Chinese Medical Sciences,https://doi.org/10.1016/j.jtcms.2026.03.006,2026-03-21,75,5,26,"This paper examines antidepressant effects of an herbal extract via PI3K/AKT/BDNF signaling in zebrafish and mouse depression models, focusing on molecular pathways rather than hippocampal/MTL representations, multisensory integration, or state inference."
2026-08-28 12:06,no,Neural and Behavioral Correlates of Pure Tone and Narrowband Noise Processing in Rats: A Tradeoff between Discrimination and Sensitivity,eNeuro,https://doi.org/10.1523/eneuro.0347-25.2026,2026-03-26,64,10,26,"This paper characterizes auditory detection and medial geniculate body responses to tones and noise in rats, without addressing hippocampal/MTL representations, multisensory integration, or state inference/belief updating."
2026-08-28 12:06,no,"Dysregulated Plasticity in Serotonin, Galanin, and Opioid Systems Contributes to Limbic Seizure Recruitment in Wistar Audiogenic Rat",Journal of Neurochemistry,https://doi.org/10.1111/jnc.70397,2026-03-01,64,10,26,"This paper examines gene expression changes in neuromodulatory systems (serotonin, galanin, opioid) related to seizure susceptibility in rats, without addressing hippocampal/MTL representations, multisensory integration, or state inference/belief updating at a cognitive or systems level."
2026-08-28 12:06,no,EARLY IMMEDIATE GENE c-fos EXPRESSION IN THE PREFRONTAL CORTEX AND HIPPOCAMPAL CA1 AREA IN RESPONSE TO INCOMPLETE GLOBAL CEREBRAL ISCHEMIA-REPERFUSION IN RATS WITH INTESTINAL DYSBIOSIS,Neonatology surgery and perinatal medicine,https://doi.org/10.24061/2413-4260.xvi.1.59.2026.27,2026-03-27,59,10,25,"This paper measures c-Fos gene expression changes in prefrontal cortex and hippocampal CA1 after ischemia-reperfusion and gut dysbiosis, focusing on molecular responses to injury rather than on hippocampal representations, multisensory integration, or state inference."
2026-08-28 12:06,no,"COMPARATIVE EVALUATION OF HIPPOCAMPAL SCLEROSIS INMESIAL TEMPORAL LOBE EPILEPSY: ANATOMICALCORRELATES, PATHOPHYSIOLOGY, IMPACT ON ANTIEPILEPTIC DRUG RESPONSE AND CLINICAL OUTCOMES – A REVIEW",Zenodo (CERN European Organization for Nuclear Research),https://doi.org/10.5281/zenodo.18875939,2026-03-05,48,15,25,"This is a clinical review on hippocampal sclerosis in mesial temporal lobe epilepsy, focusing on anatomy, pathology, drug resistance, and treatment outcomes rather than hippocampal representations, multisensory integration, or state inference mechanisms."
2026-08-28 12:06,no,Effects of the STriatal Enriched Tyrosine Phosphatase ( STEP ) Inhibitor TC ‐2153 on Hippocampal Long‐Term Depression and Synaptic Transmission: Paradoxical Effect on Phosphatase Activity and Role of Adenosine,CNS Neuroscience & Therapeutics,https://doi.org/10.1002/cns.70843,2026-03-01,48,15,25,"This paper examines how a STEP inhibitor and adenosine signaling affect hippocampal LTD and synaptic transmission at a molecular/synaptic level, without addressing representations, multisensory integration, or state inference."
2026-08-28 12:06,no,The long-term impact of neonatal hypoxic-ischemic brain injury on neural dynamics in deep-layer retrosplenial cortex and hippocampus in mice,iScience,https://doi.org/10.1016/j.isci.2026.115003,2026-03-28,38,20,25,"This paper shows that neonatal hypoxic-ischemic injury causes long-term abnormalities in hippocampal and retrosplenial firing patterns and synchrony related to motor learning, without addressing what hippocampal/MTL activity represents or how states are inferred from sensory cues."
2026-08-28 12:06,no,The microglial TREM2 receptor programs hippocampal development in a mouse model of childhood deprivation,Brain Behavior and Immunity,https://doi.org/10.1016/j.bbi.2026.106555,2026-03-24,38,20,25,"This paper shows that early-life deprivation alters microglial TREM2-dependent synaptic pruning in hippocampus, affecting later connectivity and fear learning, which is a developmental molecular mechanism study rather than about hippocampal representations, multisensory integration, or state inferen"
2026-08-28 12:06,no,Complement C3 mediates adolescent social isolation‐induced hippocampal synaptic deficits and sex‐specific emotional dysfunction,Interdisciplinary medicine,https://doi.org/10.1002/inmd.70118,2026-03-18,38,20,25,"This paper links adolescent social isolation to complement C3–mediated hippocampal synaptic and connectivity changes and sex-specific emotional behaviors, focusing on neuroimmune and developmental mechanisms rather than on hippocampal/MTL representations, multisensory integration, or state inference"
2026-08-28 12:06,no,Systems pharmacology reveals the mechanism underlying gastrodiae rhizoma in improving stress-induced cognitive impairment: Protecting hippocampal synapses from excessive microglia-mediated pruning,Journal of Ethnopharmacology,https://doi.org/10.1016/j.jep.2026.121482,2026-03-04,38,20,25,"This paper examines molecular and cellular mechanisms by which a herbal compound protects hippocampal synapses from microglia-mediated pruning under stress, without addressing hippocampal/MTL representations, multisensory integration, or state inference/belief updating."
2026-08-28 12:06,no,Direct Evidence for the Feedforward Neurovascular Coupling Mechanism in Humans During Task Onset: An EEG-fNIRS-TCD Multimodal Imaging Study,Sensors,https://doi.org/10.3390/s26061790,2026-03-12,59,10,25,"This paper uses EEG, fNIRS, and TCD to study global neurovascular coupling during simple visual and motor tasks, without addressing hippocampal/MTL representations, multisensory integration, or neural mechanisms of state inference/belief updating."
2026-08-28 12:06,no,APP family in inhibitory neurons controls inhibitory recruitment and short-term plasticity in the hippocampus,Molecular Brain,https://doi.org/10.1186/s13041-026-01296-0,2026-03-29,57,10,24,"This paper examines how deleting APP family genes in inhibitory interneurons alters GABAergic synaptic transmission and short-term plasticity in hippocampal slices, focusing on molecular/cellular mechanisms rather than representations, multisensory integration, or state inference."
2026-08-28 12:06,no,"Decision letter for ""Regulatory Mechanisms of Light-Magnetic Combined Stimulation Synchronized to Musical Rhythms on Bidirectional Synaptic Plasticity LTP/LTD in the Hippocampal Schaffer-CA1 Region of Rats""",Unknown,https://doi.org/10.1111/ejn.70592/v1/decision1,2026-03-20,57,10,24,"This paper examines how combined light-magnetic stimulation synchronized to musical rhythms modulates LTP/LTD in hippocampal Schaffer-CA1 synapses, focusing on synaptic plasticity mechanisms rather than cognitive representations, multisensory integration, or state inference."
2026-08-28 12:06,no,Amyloid-β and tau pathology induce a reduction of the G-protein Gαo subunit in the mouse hippocampus,Tissue and Cell,https://doi.org/10.1016/j.tice.2026.103436,2026-03-10,57,10,24,"This paper shows that amyloid-β and tau pathology reduce the levels and postsynaptic localization of the G-protein subunit Gαo in hippocampal CA1 (and other regions) in AD mouse models, focusing on molecular pathology rather than representations, multisensory integration, or state inference."
2026-08-28 12:06,no,Selective and Permanent Occlusion of the Middle Cerebral Artery in Rats: An Experimental Approach for Studying Motor and Spatial Memory Deficits,Journal of Visualized Experiments,https://doi.org/10.3791/70519,2026-03-20,56,10,24,"This paper establishes a rat middle cerebral artery occlusion stroke model and documents resulting motor and spatial memory deficits, without addressing hippocampal/MTL representations, multisensory integration, or neural mechanisms of state inference."
2026-08-28 12:06,no,Investigating developmental changes in susceptibility to temporal audiovisual illusions on balance and sensorimotor function in children,Scientific Reports,https://doi.org/10.1038/s41598-026-44660-9,2026-03-25,56,10,24,"This developmental study examines audiovisual integration, balance, and visuomotor performance in children using the sound-induced flash illusion, without involving hippocampus/MTL, state inference, or belief updating mechanisms."
2026-08-28 12:06,no,Noise-Aware Deep Learning for Hippocampal Subfield Segmentation and Reliable Volumetry in MRI,Unknown,https://doi.org/10.1109/icoeca68095.2026.11485024,2026-03-09,56,10,24,"This paper develops and validates a deep-learning method for more accurate hippocampal subfield segmentation and volumetry in MRI, without addressing what hippocampal/MTL activity represents, multisensory integration, or state inference/belief updating."
2026-08-28 12:06,no,Pre‐Stress Trait Anxiety Levels Shape Hippocampal Responses to Acute Stress in High Anxiety Male Mice,Journal of Neurochemistry,https://doi.org/10.1111/jnc.70362,2026-03-01,39,18,24,"This paper shows that pre-stress trait anxiety in high-anxiety male mice modulates hippocampal proteomic responses—especially mitochondrial translation changes—to acute restraint stress, without addressing hippocampal representations, multisensory integration, or state inference at the cognitive/neu"
2026-08-28 12:06,no,"Mixed exposure to lead, methylmercury, and cadmium aggravates spatial memory deficits via dopamine signaling pathways in the mouse hippocampus",Frontiers in Public Health,https://doi.org/10.3389/fpubh.2026.1801968,2026-03-25,35,20,24,"This paper shows that chronic mixed exposure to lead, methylmercury, and cadmium impairs Morris water maze performance and alters dopaminergic markers in mouse hippocampus, focusing on toxicological and molecular mechanisms rather than hippocampal representations, multisensory integration, or state "
2026-08-28 12:06,no,Neuroglial CB1 receptors modulate hippocampal processes in a sex-dependent manner,Figshare,https://doi.org/10.6084/m9.figshare.c.8470968,2026-03-19,34,20,24,"This paper shows that deleting CB1 receptors from specific hippocampal cell types in mice alters navigation, memory, emotional behavior, and synaptic plasticity in a sex-dependent manner, focusing on neuromodulatory and cellular mechanisms rather than representational content or state inference."
2026-08-28 12:06,no,Developmental EDC exposures alter hippocampal lipids and metabolites linked to long-term behavioral impairments in rats,Chemico-Biological Interactions,https://doi.org/10.1016/j.cbi.2026.112031,2026-03-10,34,20,24,"This paper links early-life endocrine-disruptor–induced changes in hippocampal metabolites and lipids to later spatial learning impairments, but it does not address what hippocampal activity represents, multisensory integration, or neural state inference/belief updating mechanisms."
2026-08-28 12:06,no,The Development of Hippocampal‐Cortical Functional Connectivity in Infants and Toddlers,Human Brain Mapping,https://doi.org/10.1002/hbm.70475,2026-03-01,20,25,24,"This paper uses resting-state fMRI to describe developmental changes in large-scale hippocampal–cortical connectivity in infants, without addressing what hippocampal/MTL activity represents, multisensory integration, or state inference/belief updating."
2026-08-28 12:06,no,Microstructural Integrity of Hippocampal–Posterior Cortical White Matter Is Associated With Phenomenological Properties of Trauma-Related Intrusive Memories,Biological Psychiatry Cognitive Neuroscience and Neuroimaging,https://doi.org/10.1016/j.bpsc.2026.03.002,2026-03-01,20,25,24,"This clinical DWI study links hippocampal–posterior white-matter integrity to phenomenological properties of trauma-related intrusive memories, without addressing what hippocampal/MTL activity represents, multisensory integration, or state inference mechanisms."
2026-08-28 12:06,no,Neurobiological aspects of hearing deprivation and its impact on quality of life in old age,Bulletin Of Medical And Biological Research,https://doi.org/10.63341/bmbr/1.2026.17,2026-03-25,57,10,24,"This review focuses on neurodegenerative and vascular mechanisms of age-related hearing loss and their impact on quality of life, without addressing hippocampal/MTL representations, multisensory integration, or neural state inference/belief updating."
2026-08-28 12:06,no,The role of the kynurenine pathway in conditioned place aversion induced by synthetic cannabinoid CP-55940,Behavioral and Brain Functions,https://doi.org/10.1186/s12993-026-00327-z,2026-03-17,56,10,24,"This paper shows that synthetic cannabinoid–induced conditioned place aversion in mice is associated with hippocampal kynurenine pathway activation and KYNA-dependent modulation of CB1 receptor expression, focusing on molecular mechanisms rather than hippocampal representations or state inference."
2026-08-28 12:06,no,2-Phenyl-3-(phenylselanyl)benzofuran attenuates depressive-like behavior and memory deficits induced by subchronic glucocorticoid exposure in female Swiss mice: role of redox and neurochemical mechanisms,Neuropharmacology,https://doi.org/10.1016/j.neuropharm.2026.110930,2026-03-17,56,10,24,"This is a pharmacological mouse study on a selenium compound reversing dexamethasone-induced depressive-like behavior and memory deficits via redox and neurochemical changes, with only very coarse hippocampal measures and no analysis of hippocampal/MTL representations, multisensory integration, or s"
2026-08-28 12:06,no,Selective disruption of tau–SH3 interactions rescues seizure and sleep phenotypes,Brain,https://doi.org/10.1093/brain/awag090,2026-03-07,56,10,24,"This is a molecular/epilepsy-focused tau–protein interaction and seizure/sleep phenotype paper in mice, with no analysis of hippocampal/MTL representations, multisensory integration, or state inference/belief updating."
2026-08-28 12:06,no,IFNγ-associated immune–metabolic remodeling is linked to serotonin–kynurenine imbalance and cortical vulnerability in lupus-prone mice,Frontiers in Immunology,https://doi.org/10.3389/fimmu.2026.1740039,2026-03-05,56,10,24,"This paper links IFNγ-driven immune–metabolic changes and tryptophan–kynurenine metabolism to cortical (and some hippocampal cytokine) vulnerability in lupus-prone mice, focusing on neuroinflammation and neurodegeneration rather than hippocampal representations, multisensory integration, or state in"
2026-08-28 12:06,no,Paternal lineage effects of prenatal ethanol exposure: Offspring neuroanatomy and behavior in a multigenerational mouse model of FASD,Alcoholism Clinical and Experimental Research,https://doi.org/10.1111/acer.70242,2026-03-01,56,10,24,"This paper examines multigenerational anatomical and behavioral effects of prenatal ethanol exposure (including some hippocampal measures) in mice, but it does not address hippocampal/MTL representations, multisensory integration, or state inference/belief updating."
2026-08-28 12:06,no,Tau PET overlap index correlation with neuropathological findings,Alzheimer s & Dementia,https://doi.org/10.1002/alz.71241,2026-03-01,56,10,24,"This is a clinical imaging/neuropathology methods paper validating a tau PET metric against postmortem tau pathology, with no analysis of hippocampal/MTL representations, multisensory integration, or state inference."
2026-08-28 12:06,no,The Role of P-Tau in the Driving of Neurovascular Uncoupling,Proceedings of IMPRS,https://doi.org/10.18060/29664,2026-03-30,55,10,24,"This paper focuses on molecular and metabolic mechanisms of p-tau–related neurovascular uncoupling in Alzheimer’s disease, not on hippocampal/MTL representations, multisensory integration, or state inference/belief updating."
2026-08-28 12:06,no,Obesity-related differences in amygdala and hippocampal volume and metabolism before and after a placebo-controlled antidepressant trial in major depressive disorder,Scientific Reports,https://doi.org/10.1038/s41598-026-43078-7,2026-03-12,42,15,23,"This is a clinical PET/MRI study linking obesity to structural and metabolic changes in amygdala and hippocampus in depressed patients, without addressing what hippocampal/MTL activity represents, multisensory integration, or state inference/belief updating."
2026-08-28 12:06,no,Connectivity within the Hippocampus as a Neural Marker of Early Clinical Trajectories in the Psychosis Risk State,medRxiv,https://doi.org/10.64898/2026.03.10.26348090,2026-03-11,30,20,23,"This paper shows that longitudinal decreases in intra-hippocampal connectivity predict worsening negative and depressive symptoms in individuals at clinical high risk for psychosis, without addressing what hippocampal activity represents, multisensory integration, or state inference mechanisms."
2026-08-28 12:06,no,Epileptic encephalopathy with spike‐and‐wave activation in sleep associated with Tatton–Brown–Rahman syndrome responsive to highly purified cannabidiol,Epileptic Disorders,https://doi.org/10.1002/epd2.70229,2026-03-19,66,5,23,"This is a single-case clinical report on epilepsy in Tatton–Brown–Rahman syndrome and response to cannabidiol, without analysis of hippocampal/MTL representations, multisensory integration, or state inference/belief updating."
2026-08-28 12:06,no,Correction: α-Synuclein modulates tau spreading in mouse brains,The Journal of Experimental Medicine,https://doi.org/10.1084/jem.2019219302262026c,2026-03-18,65,5,23,"This correction note concerns image replacement in a molecular neuropathology study on α-synuclein’s modulation of tau spreading in mouse brains, with no analysis of hippocampal/MTL representations, multisensory integration, or state inference."
2026-08-28 12:06,no,Qualitative review of reported parameter ranges in focused ultrasound neuromodulation,WFUMB Ultrasound Open,https://doi.org/10.1016/j.wfumbo.2026.100106,2026-03-03,54,10,23,"This is a methodological review of focused ultrasound neuromodulation parameters and their effects (e.g., inhibition, excitation), not about hippocampal/MTL representations, multisensory integration, or state inference/belief updating."
2026-08-28 12:06,no,Ultrasonic repression of TRPA1-dependent astrocyte reactivity confers neuroprotection in models of Lewy body dementia,Figshare,https://doi.org/10.6084/m9.figshare.c.8345511,2026-03-10,52,10,23,"This paper studies how ultra-low-intensity ultrasound modulates TRPA1-dependent astrocyte reactivity to provide neuroprotection in a Lewy body dementia mouse model, focusing on molecular/cellular mechanisms and pathology rather than hippocampal/MTL representations, multisensory integration, or state"
2026-08-28 12:06,no,171 Neuronal IL-1R1 Deletion Reveals a Potential Role in Hippocampal Synapse Function and Dendritic Spine Loss Following Traumatic Brain Injury,Neurosurgery,https://doi.org/10.1227/neu.0000000000003964_171,2026-03-26,49,10,22,"This paper examines how neuronal IL-1R1 deletion affects synaptic strength and dendritic spine density in hippocampal subfields after traumatic brain injury, without addressing neural representations, multisensory integration, or state inference."
2026-08-28 12:06,no,Inhibition of phosphatase and tensin homolog induces chemical long-term potentiation in the dentate gyrus of hippocampus,Neurogenetics,https://doi.org/10.1007/s10048-026-00895-2,2026-03-26,40,15,22,"This paper examines how inhibiting PTEN induces chemical LTP in dentate gyrus, focusing on molecular/synaptic plasticity mechanisms rather than hippocampal representations, multisensory integration, or state inference."
2026-08-28 12:06,no,Integrated Proteomics and Metabolomics Analysis in Hippocampus of Rats With T2DM ‐Associated Cognitive Decline,The FASEB Journal,https://doi.org/10.1096/fj.202503916r,2026-03-02,38,15,22,"This paper uses proteomics and metabolomics to characterize molecular pathway changes in the hippocampus of T2DM rats with cognitive decline, without addressing neural representations, multisensory integration, or state inference at the systems or computational level."
2026-08-28 12:06,no,Prolonged low-dose neutron irradiation induces late cellular and molecular impairments in the mice hippocampus and causes cognitive deficit,Radiation and Environmental Biophysics,https://doi.org/10.1007/s00411-026-01208-9,2026-03-01,38,15,22,"This paper examines how prolonged low-dose neutron irradiation causes cellular and molecular impairments in mouse hippocampus and associated cognitive deficits, focusing on damage mechanisms rather than representational content, multisensory integration, or state inference."
2026-08-28 12:06,no,Transgenerational Effects of Parental Morphine Withdrawal on Learning and Spatial Memory Processes and Hippocampal BDNF Protein Levels across Two Generations of Male Rats,The Neuroscience Journal of Shefaye Khatam,https://doi.org/10.66224/shefa.14.2.1,2026-03-01,30,18,22,"This paper examines how parental morphine withdrawal affects offspring learning, spatial memory, and hippocampal BDNF levels across generations, focusing on molecular and behavioral consequences rather than hippocampal representations, multisensory integration, or state inference mechanisms."
2026-08-28 12:06,no,Peroxisome Proliferator‑Activated Receptor Gamma Coactivator‑1α Deficiency in Hippocampal Astrocytes Underlies Enhanced Fear Memory Retrieval in Male Posttraumatic Stress Disorder Model Mice,MedComm,https://doi.org/10.1002/mco2.70671,2026-03-01,28,20,22,"This paper shows that reducing PGC‑1α in hippocampal astrocytes alters astrocyte metabolism/signaling and enhances fear memory retrieval in a PTSD mouse model, focusing on molecular and cellular mechanisms rather than representational content, multisensory integration, or state inference."
2026-08-28 12:06,no,Selective Interference and Facilitation Effects of Limb Movement on Spatial Memory: Evidence Gathered by Comparing with the Effect of Eye Movement,Institutional Repositories DataBase (IRDB),https://openalex.org/works/W7152364342,2026-03-15,28,20,22,"This behavioral study shows that rehearsal of proprioceptively encoded spatial information is selectively interfered with and facilitated by limb movements, not eye movements, without addressing hippocampal/MTL activity, multisensory integration mechanisms, or formal state inference/belief updating."
2026-08-28 12:06,no,Distinct effects of sensory and genetic risk factors for psychosis on auditory cortical temporal acuity in a mouse model of 22q11.2 Deletion Syndrome,bioRxiv (Cold Spring Harbor Laboratory),https://doi.org/10.64898/2026.03.26.714426,2026-03-26,50,10,22,"This mouse study shows how hearing loss and a schizophrenia-risk 22q11.2 deletion differentially impair auditory cortical temporal acuity, without addressing hippocampal/MTL representations, multisensory integration, or state inference."
2026-08-28 12:06,no,"Stellate Ganglion Block for Post-traumatic Stress Disorder: A Comprehensive Review of Evidence, Technique Considerations and Symptom Outcomes in Military and Non-Military Patients",Current Psychiatry Reports,https://doi.org/10.1007/s11920-026-01666-4,2026-03-18,50,10,22,"This is a clinical review of stellate ganglion block as a treatment for PTSD, focusing on symptom outcomes and procedural considerations rather than on hippocampal/MTL representations, multisensory integration, or neural mechanisms of state inference."
2026-08-28 12:06,no,Dynamic functional connectivity changes in noise-induced hearing loss: A resting-state fMRI study with machine learning-based classification,Brain Research Bulletin,https://doi.org/10.1016/j.brainresbull.2026.111826,2026-03-13,50,10,22,"This is a clinical resting-state fMRI study of whole-brain dynamic functional connectivity in noise-induced hearing loss, without specific focus on hippocampal/MTL representations, multisensory integration, or state inference/belief updating mechanisms."
2026-08-28 12:06,no,Sound-evoked facial motion in ferrets: evidence for species differences in sensorimotor coupling,bioRxiv (Cold Spring Harbor Laboratory),https://doi.org/10.64898/2026.03.09.710529,2026-03-10,50,10,22,"This paper characterizes sound-evoked facial and pupil movements in ferrets and compares them to mice, without addressing hippocampal/MTL representations, multisensory integration, or neural mechanisms of state inference/belief updating."
2026-08-28 12:06,no,Polarity-considered EEG microstates improve classification accuracy of oddball stimulus,Frontiers in Human Neuroscience,https://doi.org/10.3389/fnhum.2026.1712380,2026-03-18,49,10,22,"This paper shows that incorporating EEG topographic polarity into microstate labeling improves machine-learning classification of oddball stimuli in a BCI context, without addressing hippocampal/MTL representations, multisensory integration mechanisms, or neural state inference/belief updating."
2026-08-28 12:06,no,Genkwanin Facilitates Long-term Potentiation via Calcium-permeable AMPA Receptor in the Hippocampus,생약학회지,https://doi.org/10.22889/kjp.2026.57.1.18,2026-03-31,48,10,21,"This paper shows that the flavonoid genkwanin enhances hippocampal LTP via GluA1-containing calcium-permeable AMPA receptors, focusing on molecular synaptic plasticity mechanisms rather than hippocampal representations, multisensory integration, or state inference."
2026-08-28 12:06,no,Synaptic Potentiation in Hippocampus by eEF2K Inhibitor A484954,Hippocampus,https://doi.org/10.1002/hipo.70091,2026-03-27,48,10,21,"This paper shows that the eEF2K inhibitor A-484954 induces dose-dependent chemical LTP in mouse hippocampal slices via partly eEF2K-independent molecular mechanisms, without addressing hippocampal representations, multisensory integration, or state inference."
2026-08-28 12:06,no,Differential Gene Expression in Human Hippocampus With Aging,Aging Cell,https://doi.org/10.1111/acel.70459,2026-03-26,48,10,21,"This paper uses transcriptomic analysis to identify age-related gene expression changes (notably decreased RAD23B) in human hippocampus, focusing on molecular aging and potential biomarkers rather than hippocampal representations, multisensory integration, or state inference."
2026-08-28 12:06,no,Retraction Note: Multisensory learning binds neurons into a cross-modal memory engram,Nature,https://doi.org/10.1038/s41586-026-10355-4,2026-03-25,48,10,21,"This retraction note concerns non-reproducible voltage imaging data and does not provide usable evidence about hippocampal/MTL representations, multisensory integration, or state inference."
2026-08-28 12:06,no,Hippocampal mtDNA depletion promotes nicotine addiction by suppressing mitochondrial biogenesis through oxidative stress,Neurobiology of Disease,https://doi.org/10.1016/j.nbd.2026.107353,2026-03-13,48,10,21,"This paper shows that nicotine reduces hippocampal mtDNA copy number and that experimentally increasing mtDNA in hippocampus blocks nicotine-conditioned place preference, focusing on mitochondrial mechanisms of addiction rather than hippocampal representations or state inference."
2026-08-28 12:06,no,Antidepressant-like effects of Rg1 by mycn: promotion of neurogenesis in the hippocampus,Frontiers in Pharmacology,https://doi.org/10.3389/fphar.2026.1734681,2026-03-10,48,10,21,"This paper shows that ginsenoside Rg1 exerts antidepressant- and anxiolytic-like effects in mice by upregulating Mycn in ventral hippocampal dentate gyrus, thereby promoting hippocampal neurogenesis and stress resilience, with no analysis of hippocampal representations, multisensory integration, or "
2026-08-28 12:06,no,Age-mimicking hydrogel stiffness recapitulates the mechanical niche of the hippocampus to regulate neural stem cell senescence,Materials Today Bio,https://doi.org/10.1016/j.mtbio.2026.102985,2026-03-04,48,10,21,"This paper shows that age-related increases in hippocampal tissue stiffness, modeled with tunable hydrogels, drive neural stem cell aging phenotypes via mechanotransduction (including Piezo1), affecting proliferation and differentiation, but it does not address hippocampal/MTL representations, multi"
2026-08-28 12:06,no,Locus coeruleus-hippocampus noradrenergic activation alleviates sepsis-associated encephalopathy by promoting astrocytic AQP4-related autophagy via α2A-AR,Journal of Advanced Research,https://doi.org/10.1016/j.jare.2026.03.024,2026-03-01,48,10,21,"This is a molecular/cellular disease-focused study on noradrenergic modulation of astrocytic autophagy in sepsis-associated encephalopathy, not on hippocampal/MTL representations, multisensory integration, or state inference/belief updating."
2026-08-28 12:06,no,MCC ‐135 Exerts Antiepileptic and Neuroprotective Effects by Downregulating NCX1 Expression to Decrease Intracellular Calcium Overload in the Hippocampus,CNS Neuroscience & Therapeutics,https://doi.org/10.1002/cns.70808,2026-03-01,48,10,21,"This paper shows that an antiepileptic compound (MCC-135) reduces hippocampal NCX1 expression, calcium overload, and glutamate levels to exert neuroprotective and seizure-suppressing effects, without addressing hippocampal representations, multisensory integration, or state inference."
2026-08-28 12:06,no,The Potential Role of Auditory Nerve Development in Sensorineural Hearing Loss: from Pathophysiology to Treatment Insights,International Journal of Medical Sciences,https://doi.org/10.7150/ijms.131458,2026-03-25,57,5,21,"This paper reviews molecular and developmental mechanisms of auditory nerve development and sensorineural hearing loss, with no analysis of hippocampal/MTL representations, multisensory integration, or neural state inference/belief updating."
2026-08-28 12:06,no,Rhodiola sacra Protects Against Hippocampal Neuronal Apoptosis in Chronic Cerebral Ischemia via SIRT1-Driven Mitochondrial Biogenesis,Current Neuropharmacology,https://doi.org/10.2174/011570159x417392251118050138,2026-03-24,43,10,20,"This paper examines molecular neuroprotection and mitochondrial biogenesis in hippocampal neurons under chronic ischemia, without addressing neural representations, multisensory integration, or state inference/belief updating."
2026-08-28 12:06,no,Evaluation of the Effect of Auraptene on Cognitive Function in Trimethyltin-Induced Hippocampal Injury in Adult Male Rats,Applied Biology   بیولوژی کاربردی,https://doi.org/10.71504/sjoapb.2026.1247465,2026-03-24,30,15,20,"This is a disease-model pharmacology study showing that auraptene mitigates TMT-induced hippocampal damage and cognitive deficits in rats, without addressing what hippocampal/MTL activity represents, multisensory integration, or state inference mechanisms."
2026-08-28 12:06,no,Dynamics of hippocampal morphological changes in condition of cisplatin and paclitaxel combined administration,Reports of Morphology,https://doi.org/10.31393/morphology-journal-2026-32(1)-01,2026-03-14,30,15,20,"This study describes time course and morphology of hippocampal damage from cisplatin+paclitaxel in rats, without addressing what hippocampal activity represents, multisensory integration, or state inference/belief updating."
2026-08-28 12:06,no,Dichloroacetic Acid as a Neurotoxicant: Evidence of Impaired Synaptic Plasticity in the Hippocampus of Male Albino Rats,Zagazig University Medical Journal,https://doi.org/10.21608/zumj.2026.460726.4429,2026-03-10,30,15,20,"This paper shows that chronic dichloroacetic acid exposure impairs hippocampal-dependent water maze performance and alters oxidative stress, inflammatory markers, and synaptic plasticity-related molecules in rat hippocampus, without addressing representational content, multisensory integration, or s"
2026-08-28 12:06,no,"A Longitudinal Study of Children's Hippocampal Development: Investigating Maternal Physical Activity, Depression, and Education",Developmental Neurobiology,https://doi.org/10.1002/dneu.70019,2026-03-08,30,15,20,"This longitudinal MRI study characterizes how children’s hippocampal volume and diffusion metrics develop with age and tests (mostly null) associations with prenatal maternal physical activity, depression, and education, without addressing hippocampal representations, multisensory integration, or st"
2026-08-28 12:06,no,Hippocampus undergoes transcriptomic changes and synaptic alterations in a Slc17a5 heterozygous mouse model with working memory deficit,Neuroscience,https://doi.org/10.1016/j.neuroscience.2026.03.042,2026-03-26,20,20,20,"This paper shows that heterozygous loss of the sialic acid transporter Slc17a5 causes working memory deficits in mice accompanied by hippocampal transcriptomic and synaptic alterations, focusing on molecular/cellular mechanisms rather than hippocampal representations or state inference."
2026-08-28 12:06,no,Smaller Hippocampal Volume in Posttraumatic Stress Disorder: A Multisite ENIGMA-PGC Study: Subcortical Volumetry Results From Posttraumatic Stress Disorder Consortia,UNC Libraries,https://doi.org/10.17615/674x-7j38,2026-03-26,20,20,20,"This multisite clinical study reports that individuals with PTSD have smaller hippocampal volume, focusing on structural differences rather than on what hippocampal/MTL activity represents or how it supports state inference or multisensory integration."
2026-08-28 12:06,no,Independent Association of hippocampal perivascular spaces with memory function in Type 2 diabetes,Brain Research Bulletin,https://doi.org/10.1016/j.brainresbull.2026.111844,2026-03-24,20,20,20,"This is a clinical MRI study in type 2 diabetes showing that hippocampal perivascular space volume, but not hippocampal volume, is associated with memory performance, without addressing hippocampal representations, multisensory integration, or state inference mechanisms."
2026-08-28 12:06,no,"Polygenic contributions to brain cortical measures, subcortical volumes and hippocampal subfields in first episode psychosis",Progress in Neuro-Psychopharmacology and Biological Psychiatry,https://doi.org/10.1016/j.pnpbp.2026.111675,2026-03-23,20,20,20,"This is a clinical genetics–neuroimaging study linking polygenic risk scores to gross hippocampal and cortical structural measures in first-episode psychosis, without addressing what hippocampal/MTL activity represents, multisensory integration, or state inference/belief updating."
2026-08-28 12:06,no,The hippocampus under influence: structural effects of synthetic and natural psychotropic medications,Molecular Biology Reports,https://doi.org/10.1007/s11033-026-11660-x,2026-03-19,20,20,20,"This paper likely examines how psychotropic drugs alter hippocampal structure, focusing on clinical/anatomical effects rather than on hippocampal representations, multisensory integration, or state inference mechanisms."
2026-08-28 12:06,no,Memory Deficits in PTSD: Links Between Hippocampal Function and Depression,University of Michigan Undergraduate Research Journal,https://doi.org/10.3998/umurj.9819,2026-03-16,20,20,20,"This clinical fMRI study links hippocampal activation and pattern separation performance to PTSD/depression severity, without addressing what hippocampal representations encode, multisensory integration, or formal state inference/belief updating mechanisms."
2026-08-28 12:06,no,Left hippocampal subiculum-hypothalamus hyperconnectivity as a neural correlate of stress vulnerability,Behavioural Brain Research,https://doi.org/10.1016/j.bbr.2026.116166,2026-03-16,20,20,20,"This paper shows that rats vulnerable to stress-induced depression have stronger resting-state functional connectivity between hippocampal subiculum and hypothalamus, both at baseline and after chronic stress, without addressing hippocampal representations, multisensory integration, or state inferen"
2026-08-28 12:06,no,Adolescent experiences remodel hippocampal glycerophospholipid metabolism associated with adult memory,Experimental Neurology,https://doi.org/10.1016/j.expneurol.2026.115730,2026-03-12,20,20,20,"This paper shows that adolescent environmental enrichment vs. social isolation alters adult hippocampal glycerophospholipid metabolism and associated signaling, with corresponding changes in basic memory performance, without addressing representational content, multisensory integration, or state inf"
2026-08-28 12:06,no,Homologous cell type markers highlight subdivisions of the domestic chick hippocampal formation,Research Square,https://doi.org/10.21203/rs.3.rs-8866459/v1,2026-03-12,20,20,20,"This paper uses molecular cell-type markers to anatomically subdivide the chick hippocampal formation, focusing on structural and histological organization rather than functional representations, multisensory integration, or state inference."
2026-08-28 12:06,no,High-frequency rTMS mitigates acute sleep deprivation-induced anxiety-like behaviors and working memory impairments associated with hippocampal transcriptional modulation,Neuroscience,https://doi.org/10.1016/j.neuroscience.2026.03.017,2026-03-11,20,20,20,"This paper shows that high-frequency rTMS can partially rescue sleep-deprivation-induced anxiety-like behavior and working memory deficits in mice, accompanied by changes in hippocampal gene expression (e.g., c-Fos), without addressing hippocampal representations, multisensory integration, or state "
2026-08-28 12:06,no,Hippocampal subregional structure and function alterations in patients with major depressive disorder with mixed features,Journal of Psychiatric Research,https://doi.org/10.1016/j.jpsychires.2026.03.015,2026-03-11,20,20,20,"This is a clinical/structural study of hippocampal subregions in major depressive disorder with mixed features, focusing on disease-related alterations rather than on what hippocampal/MTL activity represents, multisensory integration, or state inference mechanisms."
2026-08-28 12:06,no,Neighborhood street connectivity and hippocampus volume in older adults,Nature Cities,https://doi.org/10.1038/s44284-026-00408-0,2026-03-10,20,20,20,"This paper examines how neighborhood street connectivity relates to hippocampal volume in older adults, focusing on structural brain–environment associations rather than on hippocampal representations, multisensory integration, or state inference mechanisms."
2026-08-28 12:06,no,Effects of chronic oxycodone administration on the rat’s hippocampus: Behavioral and histopathological studies,Behavioural Brain Research,https://doi.org/10.1016/j.bbr.2026.116140,2026-03-10,20,20,20,"This paper shows that chronic oxycodone alters hippocampal-dependent behavior and histopathology (neurogenesis, apoptosis, gliosis, neuronal distribution) in rats, without addressing what hippocampal/MTL activity represents, multisensory integration, or state inference/belief updating."
2026-08-28 12:06,no,The architectural spatial complexity index (A-SCI): Assessment of cognitive enrichment for hippocampal neurogenesis,Frontiers of Architectural Research,https://doi.org/10.1016/j.foar.2025.12.016,2026-03-07,20,20,20,"This paper introduces an index of architectural spatial complexity and relates it to environmental enrichment for adult hippocampal neurogenesis, without addressing hippocampal/MTL representations, multisensory integration, or state inference mechanisms."
2026-08-28 12:06,no,Downregulation of integrin α3 in ADHD mirrored in mutant mouse model by dopamine-dependent hippocampal AMPAR expression.,Apollo (University of Cambridge),https://doi.org/10.17863/cam.127587,2026-03-05,20,20,20,"This paper focuses on molecular and receptor-level mechanisms (integrin α3, dopamine-dependent hippocampal AMPAR expression) in an ADHD context, not on hippocampal representations, multisensory integration, or state inference at the cognitive/computational level."
2026-08-28 12:06,no,Emerging mechanisms of ILC2 ‐neuronal crosstalk across the body,Immunology and Cell Biology,https://doi.org/10.1111/imcb.70110,2026-03-29,56,5,20,"This paper reviews molecular and cellular neuroimmune crosstalk involving ILC2s across organs, without addressing hippocampal/MTL representations, multisensory integration, or neural mechanisms of state inference or belief updating."
2026-08-28 12:06,no,"""Material Storage Hypothesis"" Nullification and Establishment of the ""Storage: Field""",Zenodo (CERN European Organization for Nuclear Research),https://doi.org/10.5281/zenodo.19032534,2026-03-15,56,5,20,"This is a speculative, non-empirical critique of material memory storage invoking non-local fields, and does not provide data or concrete models about hippocampal/MTL representations, multisensory integration, or neural state inference/belief updating."
2026-08-28 12:06,no,Anethole probably through modulation of neuroinflammation and CA3 changes in the hippocampus exerts antidepressant-like effect in maternally separated male mice,PharmaNutrition,https://doi.org/10.1016/j.phanu.2026.100489,2026-03-28,40,10,19,"This is a disease-model pharmacology study on antidepressant-like effects and neuroinflammation in hippocampal CA3, not on hippocampal representations, multisensory integration, or state inference."
2026-08-28 12:06,no,Agomelatine alleviates depressive-like behaviors in mice by promoting mitophagy in parvalbumin-expressing neurons of the hippocampal ventral dentate gyrus,Neuropharmacology,https://doi.org/10.1016/j.neuropharm.2026.110945,2026-03-24,40,10,19,"This paper examines how agomelatine affects mitophagy and depressive-like behavior via molecular and cellular changes in hippocampal PV neurons, without addressing hippocampal representations, multisensory integration, or state inference."
2026-08-28 12:06,no,An unsuspected physiological role for mGluRIII glutamate receptors in hippocampal area CA1,OSF Preprints (OSF Preprints),https://openalex.org/works/W7139608620,2026-03-16,40,10,19,"This paper examines the physiological role of mGluRIII receptors in CA1, focusing on molecular/synaptic mechanisms rather than cognitive hippocampal representations or state inference."
2026-08-28 12:06,no,Hippocampal subfield thickness and shape analysis in examining the impact of TDP‐43 in primary age‐related tauopathy,Alzheimer s & Dementia,https://doi.org/10.1002/alz.71267,2026-03-01,40,10,19,"This is a clinical/structural MRI-pathology study of hippocampal subfield thinning and shape changes in PART with/without TDP-43, without addressing neural representations, multisensory integration, or state inference."
2026-08-28 12:06,no,Fetal Alcohol Spectrum Disorder (FASD) Accelerates Local Neuroinflammation in Hippocampus: A Preclinical Systematic Review and Meta-Analysis Study,Russian Open Medical Journal,https://doi.org/10.15275/rusomj.2026.0101,2026-03-31,39,10,19,"This meta-analysis shows that prenatal alcohol exposure increases neuroinflammatory cytokine markers in hippocampus (and has unclear effects on neurogenesis), without addressing what hippocampal activity represents, multisensory integration, or state inference/belief updating."
2026-08-28 12:06,no,T Cells Inhibit Hippocampal Regeneration in Mice Following Trimethyltin‐Induced Neurodegeneration,Neuropathology,https://doi.org/10.1111/neup.70054,2026-03-19,39,10,19,"This paper shows that T cells modulate hippocampal neurogenesis and tissue regeneration after toxic injury in mice, affecting microglia and astrocyte responses, without addressing hippocampal representations, multisensory integration, or state inference."
2026-08-28 12:06,no,Th17 cell mediated oligodendrocyte precursor cell arrest drives hippocampal demyelination in diabetic cognitive dysfunction,Clinical Science,https://doi.org/10.1042/cs20257295,2026-03-09,39,10,19,"This paper shows that in diabetic mice, infiltrating Th17 cells and IL-17A signaling in hippocampus impair oligodendrocyte precursor maturation and promote demyelination and neuroinflammation via ERK1/2, leading to cognitive deficits, with no analysis of hippocampal representations, multisensory int"
2026-08-28 12:06,no,Early life stress-induced depression reveals distinct region-specific modulation of unfolded protein response genes in the prefrontal cortex and hippocampus of rats,Frontiers in Psychiatry,https://doi.org/10.3389/fpsyt.2026.1747106,2026-03-05,39,10,19,"This paper shows that early-life stress alters unfolded protein response gene expression in hippocampus and prefrontal cortex, focusing on molecular stress/depression mechanisms rather than hippocampal representations, multisensory integration, or state inference."
2026-08-28 12:06,no,The Adiponectin‐ PP2A Pathway Confers Cognitive Benefits of Physical Exercise Against Chronic Stress‐Induced Tau Hyperphosphorylation in the Hippocampus,Aging Cell,https://doi.org/10.1111/acel.70447,2026-03-01,39,10,19,"This paper examines how exercise and adiponectin–PP2A signaling affect tau phosphorylation, neurogenesis, and cognition under stress, focusing on molecular mechanisms of AD-like pathology rather than hippocampal representations, multisensory integration, or state inference."
2026-08-28 12:06,no,Bisphenol-A impairs hippocampal neurogenesis by disrupting Kinesin-1-dependent mitochondrial trafficking,Journal of Biological Chemistry,https://doi.org/10.1016/j.jbc.2026.111375,2026-03-01,39,10,19,"This paper shows that bisphenol-A disrupts Kinesin-1–dependent mitochondrial trafficking and impairs neurogenesis and synaptic integrity in hippocampal neurons at a cellular/molecular level, without addressing hippocampal representations, multisensory integration, or state inference."
2026-08-28 12:06,no,The Role of NMDA and mGluR5 Receptors on Hippocampal Depotentiation,ScholarsArchive  (Brigham Young University),https://openalex.org/works/W7149880774,2026-03-26,28,15,19,"This paper examines receptor-level mechanisms of hippocampal depotentiation (forgetting) via NMDA and mGluR5, without addressing representational content, multisensory integration, or state inference at the cognitive/algorithmic level."
2026-08-28 12:06,no,Selective Interference and Facilitation Effects of Eye Movements on Spatial Memory：Evidences Gathered by Comparing with the Effect of Limb Movements,Institutional Repositories DataBase (IRDB),https://openalex.org/works/W7152356758,2026-03-15,28,15,19,"This paper shows that visually encoded spatial information in short-term memory is selectively disrupted and facilitated by eye movements, but not by limb movements, implying rehearsal via oculomotor processes rather than body movements, without addressing hippocampal/MTL representations or state in"
2026-08-28 12:06,no,Semaglutide treatment reverses HFD induced hippocampal microglia activation and improves cognitive dysfunction,Tissue and Cell,https://doi.org/10.1016/j.tice.2026.103495,2026-03-28,20,18,19,"This paper shows that semaglutide reverses high-fat-diet–induced hippocampal microglial activation and associated cognitive deficits via IGFBPL-1 and PI3K/AKT signaling, focusing on molecular neuroprotection rather than hippocampal representations or state inference."
2026-08-28 12:06,no,Hippocampal energy metabolism reprogramming underlies individual differences in paroxetine-facilitated contextual fear extinction,Behavioural Brain Research,https://doi.org/10.1016/j.bbr.2026.116162,2026-03-14,20,18,19,"This paper appears to focus on molecular and metabolic mechanisms in hippocampus related to drug-facilitated fear extinction, not on hippocampal representations, multisensory integration, or state inference."
2026-08-28 12:06,no,Clonidine protects rat hippocampal and cortical neurons from oxygen-glucose deprivation and reoxygenation-induced injury through HCN Channels,Scientific Reports,https://doi.org/10.1038/s41598-026-44378-8,2026-03-26,38,10,18,"This paper examines molecular neuroprotection mechanisms of clonidine via HCN channels in hippocampal and cortical neurons under oxygen-glucose deprivation, without addressing hippocampal/MTL representations, multisensory integration, or state inference/belief updating."
2026-08-28 12:06,no,Additional file 4 of Sex-specific changes in the hippocampal proteome of Negr1−/− mice: insight into the mechanisms of neuropsychiatric disorders,Figshare,https://doi.org/10.6084/m9.figshare.32163714.v1,2026-03-26,38,10,18,"This supplementary proteomics file concerns sex-specific molecular/protein changes in Negr1−/− mouse hippocampus related to neuropsychiatric mechanisms, not hippocampal representations, multisensory integration, or state inference/belief updating."
2026-08-28 12:06,no,Additional file 3 of Sex-specific changes in the hippocampal proteome of Negr1−/− mice: insight into the mechanisms of neuropsychiatric disorders,Figshare,https://doi.org/10.6084/m9.figshare.32163711.v1,2026-03-26,38,10,18,"This supplementary file reports sex-specific hippocampal proteomic changes in Negr1 knockout mice related to neuropsychiatric mechanisms, without addressing hippocampal representations, multisensory integration, or state inference/belief updating at the systems or cognitive level."
2026-08-28 12:06,no,Additional file 2 of Sex-specific changes in the hippocampal proteome of Negr1−/− mice: insight into the mechanisms of neuropsychiatric disorders,Figshare,https://doi.org/10.6084/m9.figshare.32163708,2026-03-26,38,10,18,"This supplementary file reports sex-specific hippocampal proteomic changes in Negr1 knockout mice related to neuropsychiatric mechanisms, without addressing neural representations, multisensory integration, or state inference at the systems/cognitive level."
2026-08-28 12:06,no,Additional file 1 of Sex-specific changes in the hippocampal proteome of Negr1−/− mice: insight into the mechanisms of neuropsychiatric disorders,Figshare,https://doi.org/10.6084/m9.figshare.32163705.v1,2026-03-26,38,10,18,"This supplementary file reports sex-specific hippocampal proteomic changes in Negr1 knockout mice related to neuropsychiatric mechanisms, focusing on molecular protein expression rather than hippocampal representations, multisensory integration, or state inference."
2026-08-28 12:06,no,BNIP3/BNIP3L-Dependent Mitophagy Protects Against Hippocampal Neuronal Damage and Apoptosis in a Model of Vascular Dementia,Cells,https://doi.org/10.3390/cells15070585,2026-03-25,38,10,18,"This paper examines molecular mitophagy pathways and neuroprotection in hippocampal neurons in a vascular dementia model, without addressing neural representations, multisensory integration, or state inference/belief updating."
2026-08-28 12:06,no,Cold-inducible RNA binding protein ameliorates oxygen-glucose deprivation-induced hippocampal neuron injury through anti-apoptotic and anti-oxidative pathways,PeerJ,https://doi.org/10.7717/peerj.20869,2026-03-24,38,10,18,"This paper examines molecular and cellular protective mechanisms (CIRP, apoptosis, oxidative stress) in hippocampal neurons under hypothermia after OGD/R, without addressing neural representations, multisensory integration, or state inference."
2026-08-28 12:06,no,Molecular and pharmacological investigation of alpha 7 nicotinic acetylcholine receptors in human induced pluripotent stem cell-derived dentate gyrus granule cells,Research Square,https://doi.org/10.21203/rs.3.rs-9081171/v1,2026-03-16,38,10,18,"This paper characterizes alpha7 nicotinic receptor properties in iPSC-derived dentate gyrus granule cells at a molecular/pharmacological level, without addressing hippocampal representations, multisensory integration, or state inference."
2026-08-28 12:06,no,Neurophysiological In Vitro Model of Amyloid-β-Induced Deficits of Hippocampal LTP Involving Neuronal Adenosine A2A Receptor Dysfunction Through CD73,Cells,https://doi.org/10.3390/cells15060510,2026-03-13,38,10,18,"This in vitro slice study examines how amyloid-β alters hippocampal LTP and short-term plasticity via adenosine A1/A2A receptors and CD73, focusing on molecular/synaptic mechanisms rather than representations, multisensory integration, or state inference."
2026-08-28 12:06,no,Unlocking Nature’s Power: Innovative Chinese Herbal Therapies for Temporal Lobe Epilepsy with Hippocampal Sclerosis,Neurochemical Journal,https://doi.org/10.1134/s1819712426700030,2026-03-01,38,10,18,"This is a clinical/molecular review of Chinese herbal treatments and neuroprotective mechanisms in temporal lobe epilepsy with hippocampal sclerosis, not about hippocampal representations, multisensory integration, or state inference."
2026-08-28 12:06,no,"Differential effects of high-sucrose and high-fat diets on metabolic syndrome, BBB integrity, and hippocampal Aβ accumulation",Cellular and Molecular Biology,https://doi.org/10.14715/cmb/2025.72.3.1,2026-03-31,25,15,18,"This paper shows that long-term high-sucrose and high-fat diets in rats differentially induce metabolic syndrome, increase BBB permeability, and selectively elevate hippocampal Aβ accumulation and LRP1 downregulation, without addressing hippocampal representations, multisensory integration, or state"
2026-08-28 12:06,no,Expression of GAD in the Cochlear Nucleus and Superior Olivary Complex and Auditory Brainstem Response Thresholds in Fmr1-Knockout Mice,The Journal of International Advanced Otology,https://doi.org/10.65717/iao.2026.251964,2026-03-26,50,5,18,"This paper examines GAD expression and auditory brainstem response thresholds related to audiogenic seizures in Fmr1 knockout mice, focusing on auditory brainstem/cortex and seizure susceptibility rather than hippocampal/MTL representations, multisensory integration, or state inference."
2026-08-28 12:06,no,AUDITORY SKILLS IN SCHOOLCHILDREN AND THEIR IMPACT ON LEARNING,Seven Editora eBooks,https://doi.org/10.56238/sevened2026.011-042,2026-03-18,50,5,18,"This paper evaluates two auditory training interventions in schoolchildren using behavioral auditory tests and auditory evoked potentials, without addressing hippocampal/MTL representations, multisensory integration, or neural mechanisms of state inference."
2026-08-28 12:06,no,Aquatic Therapy as a Programmable Multisensory Environment for Arousal and Postural Control After Severe Acquired Brain Injury: A Perspective,Brain Sciences,https://doi.org/10.3390/brainsci16030344,2026-03-22,33,10,17,"This is a clinical perspective on using aquatic therapy as a programmable multisensory environment for arousal and postural control after severe brain injury, without data or theory on hippocampal/MTL representations, multisensory integration mechanisms, or formal state inference/belief updating."
2026-08-28 12:06,no,Consistent changes in global gene expression patterns despite strong variation in individual gene expression in the male mouse hippocampus following early life stress,Neurobiology of Stress,https://doi.org/10.1016/j.ynstr.2026.100808,2026-03-30,30,10,16,"This paper shows that early life stress in male mice leads to inconsistent changes in individual hippocampal gene expression across cohorts but a consistent global pattern of gene-length-dependent transcriptional change, without addressing neural representations, multisensory integration, or state i"
2026-08-28 12:06,no,The Impact of Manual Correction on Automated Hippocampal Volumetry in a Young Athletic Cohort with Variable Level of Exposure to Head Trauma,Proceedings of IMPRS,https://doi.org/10.18060/29640,2026-03-30,30,10,16,"This paper evaluates how manual correction changes automated hippocampal volume estimates in athletes with head impact exposure, focusing on segmentation accuracy rather than hippocampal representations, multisensory integration, or state inference."
2026-08-28 12:06,no,Knock down Hap1 in mouse hippocampus,ScienceDB,https://doi.org/10.57760/sciencedb.j00139.00268,2026-03-20,30,10,16,"This study uses CRISPR/Cas9 to knock down Hap1 in mouse hippocampus and reports RNA-seq gene expression changes, focusing on molecular consequences rather than hippocampal representations, multisensory integration, or state inference."
2026-08-28 12:06,no,Hippocampal astrocyte St6galnac5 silencing improves spatial memory and preserves synaptic integrity in an AD mouse model,Experimental Neurology,https://doi.org/10.1016/j.expneurol.2026.115742,2026-03-19,30,10,16,"This paper shows that astrocyte-specific knockdown of St6galnac5 in an Alzheimer’s mouse model improves spatial memory and reduces pathology via altered astrocyte inflammatory state, focusing on molecular/cellular mechanisms rather than hippocampal representations or state inference."
2026-08-28 12:06,no,Editome profiling and cross-cohort validation reveal A-to-I RNA editing dysregulation in the hippocampus and prefrontal cortex of sepsis patients,Frontiers in Psychiatry,https://doi.org/10.3389/fpsyt.2025.1742710,2026-03-03,30,10,16,"This paper characterizes dysregulated A-to-I RNA editing and ADAR/MAVS-related inflammatory molecular changes in hippocampal and prefrontal tissue in sepsis patients, without addressing neural representations, multisensory integration, or state inference at the systems/cognitive level."
2026-08-28 12:06,no,Lonp1 inhibition disrupts mitochondrial function in the hippocampus and drives an aging-like synaptic and cognitive phenotype in adult SAMP8 mice,Free Radical Biology and Medicine,https://doi.org/10.1016/j.freeradbiomed.2026.03.059,2026-03-27,20,15,16,"This paper shows that pharmacological inhibition of the mitochondrial protease Lonp1 in hippocampus of SAMP8 mice disrupts mitochondrial function, alters synaptic structure, and impairs hippocampal-dependent learning, focusing on cellular/mitochondrial mechanisms rather than representational content"
2026-08-28 12:06,no,40-Hz transauricular vagal nerve stimulation rescues cognition of 9-month-old APP/PS1 mice via inhibiting hippocampal P2X7 receptor signaling,Frontiers in Aging Neuroscience,https://doi.org/10.3389/fnagi.2026.1766813,2026-03-13,20,15,16,"This paper shows that 40-Hz transauricular vagal nerve stimulation improves cognitive performance in APP/PS1 Alzheimer’s model mice via modulation of hippocampal P2X7 receptor signaling, focusing on disease-related molecular mechanisms rather than hippocampal representations or state inference."
2026-08-28 12:06,no,"Microglial reactivity predicts hippocampal, but not global, atrophy in cerebral small vessel disease.",Apollo (University of Cambridge),https://doi.org/10.17863/cam.128082,2026-03-12,20,15,16,"This clinical imaging study links microglial reactivity to hippocampal atrophy in small vessel disease, without addressing hippocampal representations, multisensory integration, or state inference mechanisms."
2026-08-28 12:06,no,Sulforaphane improved cognitive behavior in APP/PS1 mice via promoting structural and functional synaptic plasticity in the hippocampus,Experimental Neurology,https://doi.org/10.1016/j.expneurol.2026.115727,2026-03-11,20,15,16,"This is an Alzheimer’s-model, molecular/synaptic plasticity intervention study in hippocampus, not about representational content, multisensory integration, or state inference mechanisms."
2026-08-28 12:06,no,"Tracking the Adolescent Brain: A Longitudinal Study of Hippocampal Volume, Stress, and Depression",CU Scholar (University of Colorado Boulder),https://openalex.org/works/W7159737559,2026-03-10,20,15,16,"This longitudinal clinical study examines how hippocampal volume and life stress predict adolescent depression severity, without addressing what hippocampal activity represents, multisensory integration, or neural mechanisms of state inference/belief updating."
2026-08-28 12:06,no,Differential Musculoskeletal Pain-Cognition Pathways in Males and Females: Insights from Hippocampal Long-Term Potentiation,Journal of Pain,https://doi.org/10.1016/j.jpain.2025.105919,2026-03-01,20,15,16,"This appears to be a sex-differences and pain-related hippocampal LTP study at a synaptic/molecular level, not about cognitive hippocampal representations, multisensory integration, or state inference."
2026-08-28 12:06,no,Hippocampal Subfield Atrophy in Chronic Ocular Pain and Their Clinical Correlates,Journal of Pain,https://doi.org/10.1016/j.jpain.2025.106016,2026-03-01,20,15,16,"This is a clinical atrophy study relating hippocampal subfield volume to chronic ocular pain, without addressing what hippocampal/MTL activity represents, multisensory integration, or state inference mechanisms."
2026-08-28 12:06,no,Acupuncture improves transplanted neural stem cells in dementia mice by modulating hippocampal microenvironment via microRNA-124 mediated Notch and Wnt pathways,World Journal of Stem Cells,https://doi.org/10.4252/wjsc.v18.i3.114929,2026-03-25,28,10,15,"This is a molecular/cellular Alzheimer’s and stem-cell therapy study on miR-124/Notch/Wnt effects in hippocampal microenvironment, not about hippocampal representations, multisensory integration, or state inference."
2026-08-28 12:06,no,Neurometabolic substrate utilization governs oxidative phosphorylation conductance in cortex and hippocampus,Journal of Neurophysiology,https://doi.org/10.1152/jn.00026.2026,2026-03-18,28,10,15,"This paper shows that different metabolic substrates (succinate vs pyruvate/malate) support mitochondrial respiration with distinct efficiencies and conductance in cortex and hippocampus, focusing on bioenergetics rather than neural representations or state inference."
2026-08-28 12:06,no,Sodium pyruvate ameliorates cognitive dysfunction by expanding hippocampal endogenous neural stem cells in tBCCAO mice,Frontiers in Cell and Developmental Biology,https://doi.org/10.3389/fcell.2026.1782699,2026-03-11,28,10,15,"This paper shows that sodium pyruvate promotes expansion of hippocampal neural stem cells and immature neuron maturation after ischemic injury via a specific molecular signaling pathway, without addressing hippocampal representations, multisensory integration, or state inference."
2026-08-28 12:06,no,Impact of laterality on seizure duration in mesial temporal lobe epilepsy with hippocampal sclerosis,Epilepsy & Behavior Reports,https://doi.org/10.1016/j.ebr.2026.100857,2026-03-10,28,10,15,"This clinical epilepsy study shows that right-sided mesial temporal lobe epilepsy with hippocampal sclerosis is associated with longer seizure durations than left-sided cases, without addressing what hippocampal/MTL activity represents, multisensory integration, or state inference mechanisms."
2026-08-28 12:06,no,RETRACTED: Effect of perioperative preemptive analgesia on hippocampal GABAA receptor α1/α5 balance in aged mild cognitive impairment rats,Brain Research Bulletin,https://doi.org/10.1016/j.brainresbull.2026.111811,2026-03-06,28,10,15,"This (retracted) study examines how different preemptive analgesics affect postoperative pain, cognition, and hippocampal GABAA receptor subunit expression in aged MCI rats, without addressing hippocampal representations, multisensory integration, or state inference mechanisms."
2026-08-28 12:06,no,"Corrigendum to “Age-related neural dynamics revealed by time-domain fNIRS decoding of audiovisual dual-task processing” [Behav. Brain Res. 505 (2026), 116117]",Behavioural Brain Research,https://doi.org/10.1016/j.bbr.2026.116180,2026-03-26,24,10,14,"This corrigendum concerns age-related neural dynamics in audiovisual dual-task processing measured with fNIRS, and does not address hippocampal/MTL representations, multisensory integration in MTL, or formal state inference/belief updating."
2026-08-28 12:06,no,AngII promotes hippocampal neuron ferroptosis via inhibiting the PPARγ/ACSL3 axis leading to hypertension-related cognitive impairment,Experimental Neurology,https://doi.org/10.1016/j.expneurol.2026.115755,2026-03-31,20,10,13,"This paper shows that angiotensin II–mediated inhibition of the PPARγ/ACSL3 axis promotes ferroptosis in hippocampal neurons, contributing to hypertension-related cognitive impairment at a molecular/cellular level rather than addressing hippocampal representations, multisensory integration, or state"
2026-08-28 12:06,no,Neuroprotective effects of S-allyl cysteine against glutamate-induced cytotoxicity in hippocampal neuronal cells,Journal of Preventive Veterinary Medicine,https://doi.org/10.13041/jpvm.2026.50.1.19,2026-03-31,20,10,13,"This paper examines cellular neuroprotection against glutamate toxicity in hippocampal neurons, not hippocampal representations, multisensory integration, or state inference."
2026-08-28 12:06,no,"Intranasal rosmarinic acid reduces cognitive and hippocampal damage from repeated neonatal isoflurane exposure by regulating apoptotic/oxidative/inflammatory responses, and heat-shock and 14–3-3 proteins",NeuroToxicology,https://doi.org/10.1016/j.neuro.2026.103440,2026-03-27,20,10,13,"This paper examines how intranasal rosmarinic acid mitigates molecular, cellular, and behavioral damage in the hippocampus after neonatal isoflurane exposure, focusing on apoptosis/oxidative stress/inflammation rather than on hippocampal representations, multisensory integration, or state inference "
2026-08-28 12:06,no,"Review for ""Cannabidiol Limits Early Aβ-Induced Glial Activation and Preserves Synaptic Integrity in Primary Mouse Hippocampal Neuron–Glia Cultures""",Unknown,https://doi.org/10.1111/ejn.70588/v1/review2,2026-03-27,20,10,13,"This in vitro study examines how cannabidiol modulates Aβ-induced glial activation and synaptic/oxidative markers in primary mouse hippocampal neuron–glia cultures, without addressing hippocampal representations, multisensory integration, or state inference/belief updating."
2026-08-28 12:06,no,"Decision letter for ""Cannabidiol Limits Early Aβ-Induced Glial Activation and Preserves Synaptic Integrity in Primary Mouse Hippocampal Neuron–Glia Cultures""",Unknown,https://doi.org/10.1111/ejn.70588/v1/decision1,2026-03-27,20,10,13,"This paper examines how cannabidiol affects Aβ-induced glial activation and synaptic integrity in hippocampal neuron–glia cultures, focusing on cellular pathology rather than hippocampal representations, multisensory integration, or state inference."
2026-08-28 12:06,no,Senolytic therapy ameliorates high-fat diet-induced hippocampal senescence and cognitive decline in mice,Experimental Neurology,https://doi.org/10.1016/j.expneurol.2026.115745,2026-03-26,20,10,13,"This paper shows that high-fat and palmitate-rich diets induce hippocampal cellular senescence and cognitive deficits in mice that can be ameliorated by senolytic treatment, focusing on molecular/cellular mechanisms rather than hippocampal representations, multisensory integration, or state inferenc"
2026-08-28 12:06,no,Gene expression of the HCN family in rats with pilocarpine-induced epilepsy and in human hippocampal and cortical tissue,Brain Research,https://doi.org/10.1016/j.brainres.2026.150292,2026-03-26,20,10,13,"This paper examines HCN gene expression changes in epileptic and human hippocampal/cortical tissue, focusing on molecular pathology rather than cognitive representations, multisensory integration, or state inference."
2026-08-28 12:06,no,Additional file 1 of Neuroglial CB1 receptors modulate hippocampal processes in a sex-dependent manner,Figshare,https://doi.org/10.6084/m9.figshare.32250375,2026-03-19,20,10,13,"This supplementary material concerns neuroglial CB1 receptor modulation of hippocampal processes at a molecular/cellular level, not hippocampal representations, multisensory integration, or state inference."
2026-08-28 12:06,no,Supplementary files_Lactococcus formosensis impair hippocampal and prefrontal excitatory synaptic plasticity to precipitate depressive-like behavior in mice.,Figshare,https://doi.org/10.6084/m9.figshare.31804414.v1,2026-03-18,20,10,13,"This paper examines how a specific gut bacterium affects hippocampal and prefrontal synaptic plasticity and depressive-like behavior in mice, focusing on molecular/cellular mechanisms rather than hippocampal representations, multisensory integration, or state inference."
2026-08-28 12:06,no,Effects of environmental enrichment on the hippocampal microglial profile under neuroinflammatory conditions: A systematic review,Neuroscience & Biobehavioral Reviews,https://doi.org/10.1016/j.neubiorev.2026.106645,2026-03-17,20,10,13,"This systematic review examines how environmental enrichment alters hippocampal microglial activation and inflammatory markers in rodent disease models, without addressing neural representations, multisensory integration, or state inference at the cognitive/computational level."
2026-08-28 12:06,no,IL-17A in the hippocampus regulates despair-like behaviors via inhibitory synaptic transmission,Acta Pharmacologica Sinica,https://doi.org/10.1038/s41401-026-01761-5,2026-03-17,20,10,13,"This paper examines how hippocampal IL-17A modulates inhibitory synaptic transmission to influence despair-like behavior, focusing on molecular/synaptic mechanisms rather than representations, multisensory integration, or state inference."
2026-08-28 12:06,no,Editor’s note and erratum for the Research Article “Neurexin-2: An inhibitory neurexin that restricts excitatory synapse formation in the hippocampus” by P.-Y. Lin et al.,Science Advances,https://doi.org/10.1126/sciadv.aeg6830,2026-03-13,20,10,13,"This editorial note and erratum concerns data integrity and analysis for a molecular/synaptic study of neurexin-2’s role in excitatory synapse formation in hippocampus, without addressing hippocampal representations, multisensory integration, or state inference."
2026-08-28 12:06,no,TSA v6.3 — Cardiac prediction error drives insular high-gamma tagging and hippocampal encoding via State-Activated Bimodal Multiplexing: intracranial EEG evidence from the COGITATE dataset,Zenodo (CERN European Organization for Nuclear Research),https://doi.org/10.5281/zenodo.19243245,2026-03-12,20,10,13,"This is a theoretical/conceptual paper on a general framework for consciousness and artificial consciousness, without empirical data or specific analysis of hippocampal/MTL representations, multisensory integration, or neural state inference/belief updating."
2026-08-28 12:06,no,TSA v6.4 — Cardiac prediction error drives insular high-gamma tagging and hippocampal theta encoding via State-Activated Bimodal Multiplexing: intracranial EEG evidence from the COGITATE dataset > conscience,Zenodo (CERN European Organization for Nuclear Research),https://doi.org/10.5281/zenodo.19254980,2026-03-12,20,10,13,"This is a theoretical consciousness framework centered on prefrontal self-reference and artificial consciousness, with no substantive focus on hippocampal/MTL representations, multisensory integration, or neural state inference/belief updating."
2026-08-28 12:06,no,Role of proton MR spectroscopy in detecting epileptogenic foci in hippocampal sclerosis: Correlation with EEG and clinical outcomes,European Society of Radiology,https://doi.org/10.26044/ecr2026/c-30321,2026-03-12,20,10,13,"This is a clinical MR spectroscopy study using metabolite ratios to localize epileptogenic hippocampal sclerosis, without addressing hippocampal representations, multisensory integration, or state inference/belief updating."
2026-08-28 12:06,no,Biphasic response of silent synapses: Differential remodeling of hippocampal synaptic plasticity by status epilepticus in juvenile versus adult mice,Neurochemistry International,https://doi.org/10.1016/j.neuint.2026.106147,2026-03-11,20,10,13,"This paper examines age-dependent molecular and synaptic plasticity changes in hippocampus after status epilepticus, without addressing neural representations, multisensory integration, or state inference at the cognitive/computational level."
2026-08-28 12:06,no,"Acute restraint stress causes anxiety-related behaviors and neuronal degeneration in the CA1 and PFC, which are blocked by crocin and D-AP5",Journal of Psychiatric Research,https://doi.org/10.1016/j.jpsychires.2026.03.012,2026-03-11,20,10,13,"This paper shows that acute restraint stress increases anxiety-like behavior and neuronal degeneration in CA1 and PFC in mice, and that crocin and an NMDA receptor antagonist (D-AP5) reduce these effects, indicating an NMDA-dependent anxiolytic and neuroprotective action rather than anything about h"
2026-08-28 12:06,no,Hippocampal GPR17 is involved in chronic restraint stress-induced depressive-like behaviors by regulating neuroinflammation and glutamatergic activity in mice,International Immunopharmacology,https://doi.org/10.1016/j.intimp.2026.116465,2026-03-09,20,10,13,"This paper examines how hippocampal GPR17 modulates stress-induced depressive-like behaviors via neuroinflammation and glutamatergic activity, focusing on molecular and affective mechanisms rather than hippocampal representations, multisensory integration, or state inference."
2026-08-28 12:06,no,"Decision letter for ""Domperidone Modulates Hippocampal D2 Expression, Facilitates Extinction, and Attenuates Morphine-Induced Conditioned Place Preference in Rats""",Unknown,https://doi.org/10.1111/ejn.70510/v2/decision1,2026-03-09,20,10,13,"This paper examines how domperidone alters hippocampal D2 receptor expression and affects extinction of morphine-induced conditioned place preference, focusing on pharmacological modulation of reward-related learning rather than hippocampal representations, multisensory integration, or state inferen"
2026-08-28 12:06,no,Epigenome-wide association studies (EWAS) summary statistics and analysis scripts for hippocampal volume traits,Zenodo (CERN European Organization for Nuclear Research),https://doi.org/10.5281/zenodo.18926492,2026-03-09,20,10,13,"This paper reports epigenome-wide association summary statistics linking DNA methylation to gross hippocampal volume traits, without addressing hippocampal representations, multisensory integration, or state inference/belief updating."
2026-08-28 12:06,no,Bilateral Hippocampal High-Grade Glioma: An Exceptional Rare Entity,World Neurosurgery,https://doi.org/10.1016/j.wneu.2026.124896,2026-03-07,20,10,13,"This is a rare clinical case report of bilateral hippocampal high-grade glioma focused on diagnosis and differential with encephalitis, not on hippocampal representations, multisensory integration, or state inference mechanisms."
2026-08-28 12:06,no,NR2B-CaMKII signaling in the dentate gyrus driven by astrocytic P2Y1Rs mediates the antidepressant effect of low-dose LPS,Brain Behavior and Immunity,https://doi.org/10.1016/j.bbi.2026.106529,2026-03-06,20,10,13,"This paper dissects astrocytic P2Y1R–NR2B–CaMKII–ERK/BDNF signaling in dentate gyrus underlying low-dose LPS antidepressant effects, focusing on molecular mechanisms of stress/depression rather than hippocampal representations, multisensory integration, or state inference."
2026-08-28 12:06,no,"MRI-based volume assessments show no changes in hippocampus, amygdala, thalamus and brainstem subregions in narcolepsy type 1",medRxiv,https://doi.org/10.64898/2026.02.21.26345265,2026-03-02,20,10,13,"This clinical MRI study reports no volumetric differences in hippocampal, amygdala, thalamic, or brainstem subregions in narcolepsy type 1 patients versus controls, without addressing representations, multisensory integration, or state inference."
2026-08-28 12:06,no,Iron Deficiency Impairs Mitochondrial Energetics and Early Axonal Growth and Branching in Developing Hippocampal Neurons,University of Minnesota Digital Conservancy (University of Minnesota),https://openalex.org/works/W7198421189,2026-03-02,20,10,13,"This paper shows that iron deficiency disrupts mitochondrial function and impairs early axonal growth and branching in developing hippocampal neurons, focusing on cellular energetics and development rather than hippocampal representations, multisensory integration, or state inference."
2026-08-28 12:06,no,"Thyroid-stimulating Hormone Inhibition Drives Hippocampal 5-HT Loss and Notch Activation, Disrupting Neurogenesis–apoptosis Balance and Inducing Mood-related Behaviors in Rats",Basic and Clinical Neuroscience Journal,https://doi.org/10.32598/bcn.2025.8389.1,2026-03-01,20,10,13,"This paper examines molecular and cellular mechanisms (TSH inhibition, serotonin loss, Notch signaling, neurogenesis/apoptosis, mood-related behaviors) in hippocampus, not hippocampal representations, multisensory integration, or state inference."
2026-08-28 12:06,no,Corrigendum to <‘Melatonin reduces radiation-induced ferroptosis in hippocampal neurons by activating the PKM2/NRF2/GPX4 signaling pathway’> <[Progress in Neuro-psychopharmacology and Biological Psychiatry. 2023 Aug 30:126:110777]>,Progress in Neuro-Psychopharmacology and Biological Psychiatry,https://doi.org/10.1016/j.pnpbp.2026.111668,2026-03-27,20,5,10,"This corrigendum concerns molecular mechanisms of melatonin’s protection against radiation-induced ferroptosis in hippocampal neurons, not hippocampal representations, multisensory integration, or state inference."
2026-08-28 12:06,no,Red grape seed extract attenuates D-galactose-induced neurotoxicity in pregnant rats: Evidence from the cerebral cortex and hippocampus,Biochemical and Cellular Archives/Biochemical and cellular archives,https://doi.org/10.51470/bca.2026.26.1.467,2026-03-21,20,5,10,"This is a developmental neurotoxicity and antioxidant neuroprotection study in rats, focusing on oxidative stress and histology rather than hippocampal/MTL representations, multisensory integration, or state inference."
2026-08-28 12:06,no,Lipid characterization of cultured Hippocampus hippocampus trunk muscles shed light over their functional potential,Applied Food Research,https://doi.org/10.1016/j.afres.2026.101920,2026-03-20,20,5,10,"This paper characterizes lipid composition in the trunk muscles of the seahorse species Hippocampus hippocampus and is unrelated to hippocampal/MTL neural representations, multisensory integration, or state inference in the brain."
2026-08-28 12:06,no,"Retraction notice to ""Adult hippocampal neurogenesis (AHN) controls central nervous system and promotes peripheral nervous system regeneration via physical exercise"" [Biomedicine & Pharmacotherapy 165 (2023) 115078]",Biomedicine & Pharmacotherapy,https://doi.org/10.1016/j.biopha.2026.119212,2026-03-12,20,5,10,"This retraction notice concerns adult hippocampal neurogenesis and regeneration with exercise, not hippocampal representations, multisensory integration, or state inference."
2026-08-28 12:06,no,Sandalodesmus hippocampus,Zenodo (CERN European Organization for Nuclear Research),https://doi.org/10.5281/zenodo.19330863,2026-03-20,20,0,6,"This is a taxonomic/morphological description of a millipede species and does not address hippocampal/MTL function, neural representations, multisensory integration, or state inference."
2026-08-28 12:22,yes,Entorhinal cortex represents task-relevant remote locations independently of CA1,Nature Neuroscience,https://doi.org/10.1038/s41593-026-02232-0,2026-04-01,85,82,83,"This paper shows that during immobility, MEC populations frequently and selectively represent remote, task-relevant locations—often independently of CA1—indicating nonlocal, task-related MTL representations rather than just current sensory position, but it does not address multisensory integration o"
2026-08-28 12:22,yes,Locomotion-invariant prefrontal–thalamic goal states organize spatially aligned episode-specific hippocampal maps,bioRxiv (Cold Spring Harbor Laboratory),https://doi.org/10.64898/2026.04.09.716651,2026-04-09,68,88,82,"This paper shows that a prefrontal–reuniens pathway provides a locomotion-invariant goal-state signal that CA1 encodes along a population dimension orthogonal to spatial coding, allowing episode-specific hippocampal maps to remain spatially aligned while distinguishing different goal configurations."
2026-08-28 12:22,yes,"Investigations of ""Spatial"" Firing in Dorsal Hippocampus of the Rat",Caltech Library,https://doi.org/10.7907/ycm5-cc17,2026-04-16,67,85,80,"This classic rat dorsal hippocampus study directly shows that place-cell-like spatial firing fields form rapidly and are supported by multimodal (vision, vibrissae, audition, olfaction) sensory cues, bearing directly on what hippocampal activity represents and how it integrates multiple sensory inpu"
2026-08-28 12:22,yes,A scalable hippocampal code for flexible interval timing through persistent activity,bioRxiv (Cold Spring Harbor Laboratory),https://doi.org/10.64898/2026.04.12.716593,2026-04-15,59,85,77,"This paper shows that a specific subpopulation of dorsal CA1 pyramidal neurons exhibits scalable, persistent activity that ramps with elapsed time and predicts flexible interval timing behavior, revealing a hippocampal code for temporal aspects of task state rather than sensory features."
2026-08-28 12:22,yes,Medial temporal lobe encodes cognitive maps of real-world social networks,Proceedings of the National Academy of Sciences,https://doi.org/10.1073/pnas.2523345123,2026-04-14,57,85,77,"Using fMRI and network modeling, this paper shows that human entorhinal cortex and anterior hippocampus encode an abstract, graph-theoretic cognitive map (Katz communicability) of a real-world social network that supports inferences about information flow."
2026-08-28 12:22,yes,Plitt & Giocomo (2021) Experience Dependent Contextual Codes in the Hippocampus. Nat Neuro,Open MIND,https://doi.org/10.48324/dandi.000054/0.260415.1712,2026-04-15,40,90,75,"This paper shows that CA1 population codes for visually defined contexts reorganize in an experience-dependent, probabilistic way, such that hippocampal representations reflect learned task-relevant contextual structure rather than just raw sensory similarity."
2026-08-28 12:22,yes,Human hippocampal ripples prioritize model-based learning,Neuron,https://doi.org/10.1016/j.neuron.2026.03.020,2026-04-09,59,80,74,"This paper shows that human hippocampal ripple events, coordinated with prefrontal cortex, selectively represent and prioritize non-local, model-based value updates during a reinforcement-learning task, linking hippocampal activity to task-structure-based state/value inference rather than sensory fe"
2026-08-28 12:22,yes,Dynamic shifts between pattern separation and reinstatement in human CA3 and dentate gyrus,bioRxiv (Cold Spring Harbor Laboratory),https://doi.org/10.64898/2026.04.24.720552,2026-04-28,50,85,74,"Using 7T fMRI, this paper shows that human CA3/DG multivoxel patterns dynamically shift between pattern separation and reinstatement depending on stimulus similarity, domain (objects vs scenes), and long-axis position, directly characterizing what hippocampal/MTL activity represents during episodic "
2026-08-28 12:22,yes,Spatial and semantic memory reorganize a hippocampal long-axis gradient,Proceedings of the National Academy of Sciences,https://doi.org/10.1073/pnas.2525724123,2026-04-07,30,85,68,"Using high-resolution fMRI, this paper shows that human hippocampal activity along the long axis flexibly encodes spatial versus semantic mismatch content (and their conjunction) in distinct subregions, revealing how hippocampal representations of spatial and semantic information are organized and r"
2026-08-28 12:22,yes,Learning duration modulates replay precision and sharp wave–ripples in the hippocampal CA3,Nonlinear Dynamics,https://doi.org/10.1007/s11071-026-12389-9,2026-04-01,60,70,67,"This study shows how the amount of learning experience changes the precision and properties of CA3 replay and sharp wave–ripples, linking hippocampal sequence activity to learning but not directly to multisensory integration or explicit state inference computations."
2026-08-28 12:22,yes,Beyond place cells: Specific and cooperative roles of hippocampal interneuron families in spatial coding,Fundamental Research,https://doi.org/10.1016/j.fmre.2026.04.010,2026-04-16,80,60,66,This paper shows that distinct hippocampal interneuron families can be identified and manipulated in vivo and that they differentially and cooperatively control pyramidal-cell place field properties during spatial coding.
2026-08-28 12:22,yes,Forward processing of spatiotemporal maps across hippocampal subfields in common marmosets,bioRxiv (Cold Spring Harbor Laboratory),https://doi.org/10.64898/2026.04.28.721285,2026-04-30,59,65,63,"This paper shows that in freely moving marmosets, DG and CA3 neurons encode spatial position and movement, with CA3 uniquely integrating spatial and temporal-order information into conjunctive spatiotemporal maps, but it does not directly address multisensory integration or explicit hidden-state inf"
2026-08-28 12:22,yes,Specialized Computations for Generalized World Modelling in Medial Prefrontal Cortex,bioRxiv (Cold Spring Harbor Laboratory),https://doi.org/10.64898/2026.04.15.718798,2026-04-16,54,60,58,"Using fMRI, this paper shows that different medial prefrontal subregions encode domain-general latent task states and belief-updating computations (probabilistic inference, task-state geometry, and model validity), but it does not study hippocampus/MTL or multisensory integration directly."
2026-08-28 12:22,yes,Sleep strengthens successor representations of learned sequences in humans,PLoS Biology,https://doi.org/10.1371/journal.pbio.3003740,2026-04-07,82,45,56,"This EEG study shows that learning visual sequences and subsequent sleep reshape cortical visual representations into successor-like, more abstract formats linked to slow-wave sleep physiology, without directly involving hippocampal/MTL data, multisensory integration, or explicit state-inference mec"
2026-08-28 12:22,yes,Human hippocampal ripples prioritise model-based learning,Zenodo (CERN European Organization for Nuclear Research),https://doi.org/10.5281/zenodo.19363211,2026-04-09,20,72,56,"Shows that human hippocampal ripple events are specifically associated with model-based (rather than model-free) learning, linking hippocampal replay-like activity to internal task-model computations rather than sensory features."
2026-08-28 12:22,yes,A multiplexed striatal architecture for generalized spatial goal progress,bioRxiv (Cold Spring Harbor Laboratory),https://doi.org/10.64898/2026.04.08.716650,2026-04-09,72,45,53,"This paper shows that nucleus accumbens populations encode a generalized, scale-invariant distance-to-goal signal (including counterfactual goals) that supports spatial goal progress, with only a secondary, negative result about hippocampal/entorhinal involvement."
2026-08-28 12:22,yes,Micro‐Stimulation Timing Framed Around an Averaged Theta Period of Stimulation Determines Hippocampal Recruitment in Cued Fear Conditioning,Hippocampus,https://doi.org/10.1002/hipo.70097,2026-04-19,67,45,52,"The paper shows that delivering hippocampal CA3 microstimulation in a fixed temporal pattern aligned to an averaged theta cycle during tone–shock fear conditioning enhances later cued freezing compared to sham or randomized stimulation, indicating that theta-phase–locked neuromodulation can modulate"
2026-08-28 12:22,yes,A theory of subicular function and generalized vector coding,bioRxiv (Cold Spring Harbor Laboratory),https://doi.org/10.64898/2026.04.04.716474,2026-04-07,19,60,48,"This is a theoretical proposal about subicular (hippocampal formation) population codes as generalized vector representations of spatial and non-spatial discontinuities, offering a conceptual account of what these MTL neurons represent but without directly addressing multisensory integration or form"
2026-08-28 12:22,yes,Enrichment experience improves hippocampal sparse coding via inhibitory circuit plasticity,bioRxiv (Cold Spring Harbor Laboratory),https://doi.org/10.64898/2026.03.31.715605,2026-04-02,57,42,46,"This paper shows that environmental enrichment alters inhibitory circuit plasticity in CA1, leading to sparser, more selective spatial firing and improved hippocampus-dependent learning, but it does not address task-state inference, multisensory integration, or abstract hippocampal representations b"
2026-08-28 12:22,yes,Dorsal CA1 projections to nucleus accumbens and lateral septum differentially regulate social and locomotor behavior,Cerebral Cortex,https://doi.org/10.1093/cercor/bhag059,2026-04-21,49,45,46,"This paper shows that distinct dorsal CA1 projections to nucleus accumbens and lateral septum causally and differentially modulate social interaction and locomotion, without characterizing hippocampal representations, multisensory integration, or state inference mechanisms."
2026-08-28 12:22,no,Spatiotemporally Distinct Dopamine Domains in the Hippocampus,Journal of Neuroscience,https://doi.org/10.1523/jneurosci.1395-25.2026,2026-04-02,49,45,46,"This paper shows that hippocampal dopamine release occurs in two spatially segregated CA1 domains with distinct dynamics tied to reward approach and consummatory actions rather than classic reward prediction error, informing neuromodulatory context for hippocampal representations but not directly ad"
2026-08-28 12:22,no,Novelty Discrimination of Configural Objects in the Perirhinal and Anterolateral Entorhinal Cortices Is Impacted by Aging,Journal of Neuroscience,https://doi.org/10.1523/jneurosci.1462-25.2026,2026-04-09,47,45,46,"This fMRI study shows that in younger adults perirhinal cortex activity and gaze behavior distinguish both feature and configural object novelty while anterolateral entorhinal cortex activity is selectively sensitive to configural novelty, and that these novelty-discrimination functions are impacted"
2026-08-28 12:22,no,Electrophysiologically informed spiking neural networks for fish-inspired navigation with boundary vector cells and hydrostatic pressure cues,iScience,https://doi.org/10.1016/j.isci.2026.115824,2026-04-20,69,35,45,"This paper builds a neuromorphic navigation model using goldfish telencephalic boundary vector cells and hydrostatic pressure cues, focusing on control and navigation performance rather than hippocampal/MTL representations, multisensory integration mechanisms, or formal state inference/belief updati"
2026-08-28 12:22,no,The in-vivo microstructural profile of human hippocampal subfield CA1 and its relation to memory performance,bioRxiv (Cold Spring Harbor Laboratory),https://doi.org/10.64898/2026.03.30.714764,2026-04-01,45,45,45,"This paper uses 7T MRI to characterize depth-dependent myelination in human CA1 and links it modestly to object-location memory performance, focusing on structural microarchitecture rather than representations, multisensory integration, or state inference mechanisms."
2026-08-28 12:22,no,Hippocampal Place Cells with NMDARs Do Not Require Excitation and Inhibition to Be Reciprocally Tuned,bioRxiv (Cold Spring Harbor Laboratory),https://doi.org/10.64898/2026.04.27.721108,2026-04-29,88,25,44,"This paper uses modeling and optogenetic data to show that including NMDAR-mediated excitation can explain place-cell firing without requiring spatially tuned reciprocal excitation–inhibition, focusing on synaptic/receptor mechanisms rather than on hippocampal representations, multisensory integrati"
2026-08-28 12:22,no,Shifts in Context Affect Hippocampal Activity and the Sequence of Recall,Journal of Neuroscience,https://doi.org/10.1523/jneurosci.2172-25.2026,2026-04-15,39,45,43,"This paper shows that shifts in contextual state (e.g., event boundaries like moving between rooms) alter hippocampal activity patterns and the temporal organization of recall, consistent with temporal context models but without directly addressing multisensory integration or formal state-inference "
2026-08-28 12:22,no,Subregional activity in the dentate gyrus is amplified during elevated cognitive demands,eLife,https://doi.org/10.7554/elife.109611.2,2026-04-02,39,45,43,"This paper shows that during a touchscreen pattern separation task, increasing cognitive demand biases dentate gyrus activity toward the suprapyramidal blade and depends on mature and adult-born granule cells for fine spatial discrimination, without directly addressing representational content, mult"
2026-08-28 12:22,no,Retinotopic coding by human hippocampus? An evaluation using intracranial electroencephalography,Unknown,https://doi.org/10.21428/8e6ba8ef.58b6b738,2026-04-29,38,45,43,"This paper evaluates whether human hippocampal activity is organized in a retinotopic (visual field) reference frame, speaking to sensory/visual coding in hippocampus but not directly to task-state inference, multisensory integration, or belief updating."
2026-08-28 12:22,no,"Prolonged non-traumatic early auditory deprivation increases hearing thresholds, leads to memory deficits, and reduces doublecortin-positive neurons in mice",Neuroscience,https://doi.org/10.1016/j.neuroscience.2026.03.053,2026-04-03,98,20,43,"This developmental mouse study shows that prolonged early auditory deprivation elevates hearing thresholds, impairs simple memory tasks, and reduces doublecortin-positive immature neurons in dentate gyrus, without addressing hippocampal representations, multisensory integration, or state inference m"
2026-08-28 12:22,no,Unlocking Memory: Neural Mechanisms of Sleep-Dependent Consolidation and Clinical Implications,Zenodo (CERN European Organization for Nuclear Research),https://doi.org/10.5281/zenodo.19397869,2026-04-03,83,25,42,"This review focuses on sleep-dependent memory consolidation mechanisms (oscillations, synaptic plasticity, molecular underpinnings, and clinical/neuromodulation aspects) rather than on what hippocampal/MTL activity represents, multisensory state inference, or belief updating during behavior."
2026-08-28 12:22,no,"Chronic Stress and Hippocampal Dysfunction: Mechanisms, Models, and Therapeutic Avenues for Drug Development",Zenodo (CERN European Organization for Nuclear Research),https://doi.org/10.5281/zenodo.19468227,2026-04-08,87,20,40,"This review focuses on how chronic stress alters hippocampal structure, plasticity, and vulnerability (via glucocorticoids and HPA axis) in disease models, not on what hippocampal/MTL activity represents, multisensory integration, or neural mechanisms of state inference and belief updating."
2026-08-28 12:22,no,Memory and Hippocampal Responses to Event Boundaries are Modulated by Global Brain States,bioRxiv (Cold Spring Harbor Laboratory),https://doi.org/10.64898/2026.04.14.718575,2026-04-15,28,45,40,"This paper shows that hippocampal event-boundary responses during movie viewing are modulated by large-scale DMN/TPN brain states and that global state dynamics, rather than univariate hippocampal boundary activity, better predict subsequent memory."
2026-08-28 12:22,no,Acute requirement for the hippocampus in putatively conscious vision revealed by a mouse model of blindsight,Current Biology,https://doi.org/10.1016/j.cub.2026.03.031,2026-04-01,28,45,40,"This paper shows that hippocampal suppression or lesion, especially combined with V1 damage, causes blindsight-like behavior in mice, implying a causal role for hippocampus in putatively conscious vision but without characterizing hippocampal representations, multisensory integration, or state infer"
2026-08-28 12:22,no,Excitatory cholecystokinin neurons in CA3 area regulate the navigation learning and neuroplasticity,eLife,https://doi.org/10.7554/elife.109001.2,2026-04-02,73,25,39,"This paper mainly shows that excitatory CCK-expressing CA3 neurons projecting to CA1 modulate hippocampal-dependent navigation performance and neuroplasticity, focusing on neuromodulatory and molecular mechanisms rather than on representational content, multisensory integration, or state inference."
2026-08-28 12:22,no,Multimodal Investigation of Functional and Structural Properties of the Human and Murine Hippocampus,Unicam Scientific Publications (University of Camerino),https://openalex.org/works/W7160976213,2026-04-09,69,25,38,"This thesis primarily develops and validates multimodal structural and functional imaging pipelines for hippocampus at single-cell resolution, without directly addressing what hippocampal activity represents, multisensory integration, or state inference/belief updating."
2026-08-28 12:22,no,Cued replay of memory contents in human infants,MPG.PuRe (Max Planck Society),https://openalex.org/works/W7162910522,2026-04-30,44,35,38,"Using EEG decoding in 10‑month-old infants, this paper shows temporally compressed, forward replay of learned visual object sequences, but it does not localize activity to hippocampus/MTL, address multisensory integration, or explicitly study state inference/belief updating."
2026-08-28 12:22,no,Learning Hippo: Multi-attractor Dynamics and Stability Effects in a Biologically Detailed CA3 Extension of Hopfield Networks,arXiv (Cornell University),https://openalex.org/works/W7155574548,2026-04-22,28,42,38,"This paper uses a detailed biophysical CA3/Hopfield-style model to study auto-associative memory dynamics and attractor stability in hippocampus, but it does not address representational content, multisensory integration, or explicit state inference/belief updating in tasks."
2026-08-28 12:22,no,Investigating hippocampal predictive processing in speech-based statistical learning,Unknown,https://doi.org/10.21428/8e6ba8ef.6ea85fee,2026-04-28,20,45,38,"The paper likely examines hippocampal involvement in predictive processing during speech-based statistical learning, relating to general MTL cognition but only indirectly to multisensory integration or explicit task-state inference mechanisms."
2026-08-28 12:22,no,Probing Behavioural Tagging in Humans: Spatial Memory Reveals Novelty-driven Retroactive Enhancement,Journal of Cognitive Enhancement,https://doi.org/10.1007/s41465-026-00358-4,2026-04-13,20,45,38,"This human behavioral study shows that exploring a novel immersive VR environment retroactively enhances spatial and cued-recall memory for recently learned object locations, consistent with behavioral tagging, but it does not analyze hippocampal/MTL representations, multisensory integration mechani"
2026-08-28 12:22,no,"Claim Verification: ""Hippocampal damage leads to anterograde amnesia for new episodic memories and does not impair skill learning or retrograde memories from early life."" — Proved (with unverified citations)",Zenodo (CERN European Organization for Nuclear Research),https://doi.org/10.5281/zenodo.19455652,2026-04-07,20,45,38,"This paper is about classic clinical memory dissociations after hippocampal damage (anterograde vs retrograde vs procedural memory) and does not address hippocampal/MTL representations, multisensory integration, or state inference mechanisms beyond very general cognitive-level claims."
2026-08-28 12:22,no,Dorsoventral hippocampus neural assemblies reactivate during sleep following an aversive experience,Nature Neuroscience,https://doi.org/10.1038/s41593-026-02252-w,2026-04-01,20,45,38,"The paper likely shows that dorsoventral hippocampal neural assemblies involved in an aversive experience are reactivated during subsequent sleep, indicating experience-dependent replay but without clear focus on task-state inference, multisensory integration, or detailed representational content."
2026-08-28 12:22,no,Oxytocin alleviates the cognitive and memory dysfunction caused by neuroinflammation through blocking the TLR4/NLRP3/NF-κB signaling pathway,Brain Research Bulletin,https://doi.org/10.1016/j.brainresbull.2026.111904,2026-04-26,76,20,37,"This paper shows that oxytocin mitigates LPS-induced hippocampal-dependent memory deficits by reducing neuroinflammation and restoring synaptic protein levels via TLR4/NLRP3/NF-κB signaling, without addressing hippocampal representations, multisensory integration, or state inference mechanisms."
2026-08-28 12:22,no,Cerebellar focused ultrasound stimulation modulates neural response at hippocampus and suppresses epileptiform activity,Brain stimulation,https://doi.org/10.1016/j.brs.2026.103097,2026-04-08,75,20,36,"This paper shows that cerebellum-targeted focused ultrasound can modulate and suppress hippocampal activity in a rat seizure model, without addressing what hippocampal representations encode or how states are inferred."
2026-08-28 12:22,no,Mechanistic research on the vestibular-hippocampal pathway in neurodegenerative diseases: an integrative perspective from molecular to behavioral levels,Frontiers in Neuroscience,https://doi.org/10.3389/fnins.2026.1779268,2026-04-07,73,20,36,"This is a disease-focused review on vestibular–hippocampal interactions and neurodegeneration mechanisms (inflammation, plasticity, atrophy, rehabilitation), not on hippocampal representations, multisensory state inference, or belief updating at the computational/cognitive level."
2026-08-28 12:22,no,scimemia/mGluRIII: An unsuspected physiological role for mGluRIII glutamate receptors in hippocampal area CA1,Zenodo (CERN European Organization for Nuclear Research),https://doi.org/10.5281/zenodo.19455970,2026-04-07,60,25,36,"This paper shows that mGluRIII-dependent modulation of inhibitory synaptic transmission in CA1, via changes in the readily releasable pool and synapsin/PKA signaling, alters place cell activity, focusing on molecular/synaptic mechanisms rather than representations or state inference."
2026-08-28 12:22,no,Data from: Disrupted hippocampal theta-gamma coupling and spike-field coherence following experimental traumatic brain injury,Open MIND,https://doi.org/10.5061/dryad.jsxksn0qz,2026-04-25,39,35,36,"This paper shows that experimental TBI disrupts hippocampal oscillatory dynamics (theta/gamma coupling, spike-field coherence, ripple amplitude) in CA1, without addressing what hippocampal activity represents, multisensory integration, or state inference/belief updating."
2026-08-28 12:22,no,Androgens and estrogens rapidly facilitate short-term memory in the dorsal hippocampus of male mice,Psychoneuroendocrinology,https://doi.org/10.1016/j.psyneuen.2026.107852,2026-04-09,39,35,36,"This paper shows that rapid androgenic and estrogenic signaling in dorsal hippocampus enhances short-term memory performance in male mice, without addressing what hippocampal representations encode, multisensory integration, or state inference mechanisms."
2026-08-28 12:22,no,Neural Responses to Unexpected Stimulus Repetitions and Omissions in Auditory Cortex Provide Mixed Evidence for Predictive Coding,bioRxiv (Cold Spring Harbor Laboratory),https://doi.org/10.64898/2026.03.30.715297,2026-04-01,72,20,36,"This paper analyzes single-neuron predictive-coding-related responses in macaque primary auditory cortex, not hippocampus/MTL, multisensory integration, or explicit task-state inference/belief updating."
2026-08-28 12:22,no,Unraveling novel regulators of hippocampal long-term memory consolidation,Iowa Research Online (The University of Iowa),https://doi.org/10.25820/etd.008343,2026-04-27,71,20,35,"This thesis identifies histone lysine crotonylation as a molecular/epigenetic regulator of hippocampal long-term memory consolidation, focusing on chromatin, transcription, and glutamatergic neurotransmission rather than on hippocampal representations, multisensory integration, or state inference."
2026-08-28 12:22,no,Structural and Functional Brain Alterations Induced by Environmental Noise Exposure: A Comprehensive Review,Preprints.org,https://doi.org/10.20944/preprints202604.1879.v1,2026-04-27,71,20,35,"This review describes how chronic environmental noise alters brain structure and plasticity (including in hippocampus), but it does not address what hippocampal/MTL activity represents, multisensory integration, or state inference/belief updating."
2026-08-28 12:22,no,The Effect of Caffeine on Various Forms of Synaptic Plasticity in the CA1 Region of Mouse Hippocampal Slices,Preprints.org,https://doi.org/10.20944/preprints202604.0088.v1,2026-04-02,68,20,34,"This paper examines how caffeine modulates different forms of synaptic plasticity (LTP, E-S potentiation, short-term plasticity) and excitability in CA1 slices, without addressing hippocampal representations, multisensory integration, or state inference at the systems or cognitive level."
2026-08-28 12:22,no,Repeated sleep deprivation selectively reactivates hippocampal CA1 pyramidal neurons,Figshare,https://doi.org/10.6084/m9.figshare.c.8473212,2026-04-01,68,20,34,"This paper shows that repeated sleep deprivation reactivates a specific population of CA1 pyramidal neurons and alters their activity-dependent gene expression profiles, focusing on molecular and cellular responses rather than representational content, multisensory integration, or state inference."
2026-08-28 12:22,no,Epigenetic Modulation of Ventral CA1 Pyramidal Neurons in Social Memory Encoding,Zenodo (CERN European Organization for Nuclear Research),https://doi.org/10.5281/zenodo.19411640,2026-04-04,66,20,34,"This is a molecular/epigenetic hypothesis about serotonergic modulation and gene expression in ventral CA1 social memory engrams, not about hippocampal representations, multisensory integration, or state inference/belief updating at the computational or systems level."
2026-08-28 12:22,no,"Domperidone Modulates Hippocampal D2 Expression, Facilitates Extinction, and Attenuates Morphine‐Induced Conditioned Place Preference in Rats",European Journal of Neuroscience,https://doi.org/10.1111/ejn.70510,2026-04-01,66,20,34,"This paper shows that peripheral D2 receptor blockade with domperidone alters hippocampal D2 expression and reduces morphine-induced conditioned place preference and its extinction, focusing on dopaminergic modulation of reward rather than hippocampal representations or state inference mechanisms."
2026-08-28 12:22,no,Fibronectin1‐Expressing Subicular Circuits Selectively Govern the Retrieval of Novel Object Recognition,Advanced Science,https://doi.org/10.1002/advs.202516399,2026-04-15,37,32,34,"This paper shows that a fibronectin1-expressing subiculum-to-entorhinal glutamatergic circuit, via a specific ion-channel mechanism, is necessary for retrieval of novel object recognition, focusing on molecular/circuit excitability rather than representational content, multisensory integration, or s"
2026-08-28 12:22,no,Distinct tasks engage a shared neural subspace in human hippocampus and anterior cingulate cortex,bioRxiv (Cold Spring Harbor Laboratory),https://doi.org/10.64898/2026.04.24.720703,2026-04-28,20,40,34,"This paper shows that population activity in human hippocampus and ACC during three distinct tasks occupies partially overlapping low-dimensional subspaces, indicating a shared, task-general representational structure rather than purely task-specific codes."
2026-08-28 12:22,no,Challenges in replay detection by TDLM in post-encoding resting state,eLife,https://doi.org/10.7554/elife.108023.3,2026-04-09,20,40,34,"This MEG/TDLM methods-focused paper shows that their analysis pipeline lacks power to detect plausible levels of post-encoding replay in resting state, highlighting limitations of replay detection rather than providing new insights into hippocampal/MTL representations, multisensory integration, or s"
2026-08-28 12:22,no,Supporting Cognitive Flexibility in Autism: Mechanistic Insights into Cannabinoid–Terpene Interactions,Preprints.org,https://doi.org/10.20944/preprints202604.0408.v1,2026-04-07,65,20,34,"This is a mechanistic/clinical review on cannabinoid–terpene modulation of synaptic plasticity and excitatory–inhibitory balance in autism, not on hippocampal/MTL representations, multisensory integration, or neural state inference/belief updating."
2026-08-28 12:22,no,SIRT1 Activators as Geroprotective Agents in Brain Aging: Mechanisms and Therapeutic Potential,NeuroMolecular Medicine,https://doi.org/10.1007/s12017-026-08923-y,2026-04-04,65,20,34,"This review focuses on molecular and cellular aging mechanisms involving SIRT1 and their impact on hippocampal function and neurodegeneration, not on hippocampal/MTL representations, multisensory integration, or state inference/belief updating."
2026-08-28 12:22,no,A Dual-Color Fiber Photometry Method for Recording Astrocyte-Neuron Activity Across Multiple Brain Regions During Learning and Memory Behaviors,Journal of Visualized Experiments,https://doi.org/10.3791/70582,2026-04-28,56,25,34,"This is primarily a methods paper introducing dual-color fiber photometry for astrocyte and neuron calcium recording across regions during memory tasks, without addressing what hippocampal/MTL activity represents, multisensory integration, or state inference/belief updating."
2026-08-28 12:22,no,Quantitative Morphology of Neurons in Hippocampus and Dentate Gyrus of Etoposide-administered Male Wistar Albino Rats,Journal of Anatomical Society of India,https://doi.org/10.4103/jasi.jasi_31_26,2026-04-01,87,10,33,"This is a histological chemotherapy-neurotoxicity study quantifying neuronal loss and degeneration in hippocampus/DG, without addressing neural representations, multisensory integration, or state inference."
2026-08-28 12:22,no,ATRX function beyond hippocampal CA1 is required for cognitive deficits in mouse models of intellectual disability,PLoS ONE,https://doi.org/10.1371/journal.pone.0347770,2026-04-28,63,20,33,"This paper shows that deleting ATRX specifically in hippocampal CA1 pyramidal neurons does not impair standard hippocampal-dependent learning and memory, whereas broader forebrain ATRX loss does, focusing on gene-specific contributions to intellectual disability rather than on hippocampal representa"
2026-08-28 12:22,no,Functional Magnetic Resonance Imaging for Investigating the Role of the Hippocampus in Migraine with Aura,Diagnostics,https://doi.org/10.3390/diagnostics16071111,2026-04-07,63,20,33,"This is a clinical resting-state fMRI study of altered hippocampal connectivity in migraine with aura subtypes, without addressing what hippocampal/MTL activity represents, multisensory integration mechanisms, or state inference/belief updating."
2026-08-28 12:22,no,Brain activity in Cluster N and the hippocampus in non-migratory zebra finches completing a spatial orientation task using magnetic compass information,PLoS ONE,https://doi.org/10.1371/journal.pone.0348066,2026-04-30,28,35,33,"This paper shows that a magnetic compass–based spatial task in zebra finches elevates immediate-early-gene expression in Cluster N and hippocampus without condition-specific differences, offering only very indirect and coarse evidence about hippocampal involvement in magnetic orientation rather than"
2026-08-28 12:22,no,Structural and functional brain alterations in patients with hyperacusis: MRI systematic review,Frontiers in Human Neuroscience,https://doi.org/10.3389/fnhum.2026.1785826,2026-04-01,64,20,33,"This is a clinical MRI systematic review of structural and functional changes in hyperacusis (mainly in auditory and related regions, including parahippocampal area), without substantive analysis of hippocampal/MTL representations, multisensory integration, or state inference/belief updating mechani"
2026-08-28 12:22,no,Effects of Bimodal Olfactory and Mechanosensory Inputs in the Antennal Lobe of the Honeybee Apis mellifera,bioRxiv (Cold Spring Harbor Laboratory),https://doi.org/10.64898/2026.04.08.717065,2026-04-12,63,20,33,"This paper shows that early olfactory circuits in the honeybee antennal lobe integrate mechanosensory (wind) and olfactory inputs, demonstrating low-level multisensory integration but not hippocampal/MTL representations or state inference."
2026-08-28 12:22,no,Gamma low field magnetic stimulation ameliorates pathophysiological damage and cognitive impairments in AD mice,Figshare,https://doi.org/10.6084/m9.figshare.c.8504170.v1,2026-04-18,62,20,33,"This paper shows that 40 Hz low-field magnetic stimulation in APP/PS1 AD mice improves spatial memory and hippocampal gamma/theta-gamma coupling while reducing amyloid burden, without addressing what hippocampal activity represents or how states are inferred."
2026-08-28 12:22,no,Physical activity and pharmacological interventions in reversing stress-induced hippocampal atrophy: An analysis of molecular mechanisms,Quality in Sport,https://doi.org/10.12775/qs.2026.54.70763,2026-04-30,66,18,32,"This is a molecular/clinical review on stress-induced hippocampal atrophy and its reversal via pharmacological and exercise-related mechanisms, not on hippocampal representations, multisensory integration, or state inference."
2026-08-28 12:22,no,The atypical antidepressant tianeptine causes opioid-receptor-dependent beta oscillations in the rat hippocampus,Neuropharmacology,https://doi.org/10.1016/j.neuropharm.2026.110953,2026-04-07,59,20,32,"This paper shows that systemic tianeptine induces opioid-receptor-dependent beta oscillations and modest synaptic changes in rat CA1 under anesthesia, focusing on pharmacological and network effects rather than hippocampal representations, multisensory integration, or state inference."
2026-08-28 12:22,no,Amyloid plaques drive state-dependent long-range circuit reorganization in the hippocampus,bioRxiv (Cold Spring Harbor Laboratory),https://doi.org/10.64898/2026.04.22.720180,2026-04-23,49,25,32,"This paper shows how amyloid plaques in APP/PS1 mice nonlocally reorganize hippocampal place-cell maps and activity across behavioral states, focusing on Alzheimer’s-related circuit pathology rather than on normative hippocampal representations, multisensory integration, or state inference mechanism"
2026-08-28 12:22,no,A transcriptomic axis aligns with in vivo functional dynamics in hippocampal inhibitory circuits,bioRxiv (Cold Spring Harbor Laboratory),https://doi.org/10.64898/2026.04.07.716935,2026-04-08,49,25,32,"This paper primarily links hippocampal interneuron gene-expression-defined cell types to their in vivo physiological dynamics during VR navigation, focusing on molecular/cellular identity rather than on what hippocampal activity represents, multisensory integration, or state inference/belief updatin"
2026-08-28 12:22,no,GluK1 kainate receptors in parvalbumin interneurons modulate cortico-hippocampal network dynamics during social behavior,Translational Psychiatry,https://doi.org/10.1038/s41398-026-04060-z,2026-04-30,48,25,32,"This paper shows that deleting GluK1-containing kainate receptors from parvalbumin interneurons alters theta/gamma oscillatory coupling between hippocampus and mPFC and impairs social discrimination, focusing on molecular/circuit mechanisms rather than representational content, multisensory integrat"
2026-08-28 12:22,no,Hippocampal place code plasticity in CA1 requires postsynaptic membrane fusion,Neuron,https://doi.org/10.1016/j.neuron.2026.03.006,2026-04-01,40,28,32,"This paper shows that deleting the postsynaptic t-SNARE Syntaxin3 in CA1 disrupts novelty and reward-location place code plasticity while leaving inherited context/space representations intact, focusing on synaptic plasticity mechanisms rather than representational content or state inference."
2026-08-28 12:22,no,Spatially resolved mapping of histones reveals selective neuronal response in Rett syndrome,FEBS Journal,https://doi.org/10.1111/febs.70534,2026-04-01,83,10,32,"This paper uses mass spectrometry to map histone proteoforms and chromatin changes in Mecp2-deficient hippocampal and cerebellar neurons in Rett syndrome, without addressing neural representations, multisensory integration, or state inference at the systems/cognitive level."
2026-08-28 12:22,no,Crosstalk Between Auditory and Visual information in Motor Learning and Savings,European Journal of Neuroscience,https://doi.org/10.1111/ejn.70502,2026-04-01,61,20,32,"This paper shows that prior visuomotor learning enables subsequent adaptation using auditory feedback in a reaching task, revealing cross-modal transfer in motor learning without addressing hippocampal/MTL representations or state inference mechanisms."
2026-08-28 12:22,no,Aerobic Exercise Combined with Multisensory Stimulation Training Improves Cognitive Frailty by Modulating Circulating Klotho,International Journal of Molecular Sciences,https://doi.org/10.3390/ijms27093991,2026-04-29,62,18,31,"This paper shows that combined aerobic exercise and multisensory stimulation in aged mice improves cognitive and motor performance via systemic Klotho signaling and associated hippocampal synaptic and structural changes, without addressing hippocampal/MTL representations, multisensory state inferenc"
2026-08-28 12:22,no,Drugs targeting synaptic RNA m6A methylation regulate synaptic transmission and plasticity in the rat hippocampus,Experimental Neurology,https://doi.org/10.1016/j.expneurol.2026.115802,2026-04-30,57,20,31,"This paper shows that pharmacologically manipulating m6A RNA methylation in rat hippocampus alters LTP/LTD and synaptic m6A levels, without addressing hippocampal representations, multisensory integration, or state inference at the cognitive/behavioral level."
2026-08-28 12:22,no,Astrocytes and Interleukin‐1β in the Dorsal Hippocampus Contribute to Enhanced Fear Learning Following Ethanol and Stress,Alcoholism Clinical and Experimental Research,https://doi.org/10.1111/acer.70304,2026-04-01,57,20,31,"This paper shows that astrocyte-derived IL-1β in dorsal hippocampus contributes to enhanced fear learning after ethanol exposure and stress, focusing on molecular neuroimmune mechanisms rather than hippocampal representations or state inference."
2026-08-28 12:22,no,Additional file 1 of Repeated sleep deprivation selectively reactivates hippocampal CA1 pyramidal neurons,Figshare,https://doi.org/10.6084/m9.figshare.32258349,2026-04-01,57,20,31,"This supplementary material concerns how repeated sleep deprivation affects reactivation of hippocampal CA1 pyramidal neurons, focusing on cellular/physiological effects rather than on representational content, multisensory integration, or state inference."
2026-08-28 12:22,no,Excitability-margin narrowing as a candidate gating mechanism for maladaptive circuit reactivation: a ventral CA1-centered model,Frontiers in Behavioral Neuroscience,https://doi.org/10.3389/fnbeh.2026.1839983,2026-04-30,56,20,31,"This is a modeling paper on how stress- and inflammation-driven changes in ventral CA1 neuronal excitability could gate maladaptive reactivation, focusing on biophysical excitability margins rather than on hippocampal representations, multisensory integration, or state inference computations."
2026-08-28 12:22,no,The molecular impact of sleep deprivation on the hippocampus,Iowa Research Online (The University of Iowa),https://doi.org/10.25820/etd.008426,2026-04-21,56,20,31,"This thesis characterizes cell-type- and subregion-specific molecular changes in the hippocampus after sleep deprivation, focusing on gene-level and cellular mechanisms rather than on what hippocampal activity represents, multisensory integration, or state inference computations."
2026-08-28 12:22,no,[Electroacupuncture at Baihui and Zusanli improves fear memory extinction in single prolonged stress mice by activating hippocampal astrocytes].,PubMed,https://doi.org/10.12122/j.issn.1673-4254.2026.04.18,2026-04-20,56,20,31,"This paper shows that electroacupuncture improves fear extinction in a PTSD-like mouse model via changes in hippocampal astrocyte markers and morphology, without addressing hippocampal representations, multisensory integration, or state inference mechanisms."
2026-08-28 12:22,no,Pattern separation memory requires Cerebellin 4 – Neogenin 1 signaling at dentate gyrus synapses,Progress in Neurobiology,https://doi.org/10.1016/j.pneurobio.2026.102917,2026-04-17,56,20,31,"This paper shows that a specific molecular signaling complex (Cerebellin-4–Neogenin-1) is required for LTP at EC→DG synapses and for behavioral pattern separation, without addressing what hippocampal/MTL activity represents, multisensory integration, or state inference mechanisms."
2026-08-28 12:22,no,Electroconvulsive Shock Induces Greater Plasticity of Dentate Gyrus Neurons Born in Adulthood Than Those Born in Development,European Journal of Neuroscience,https://doi.org/10.1111/ejn.70492,2026-04-01,56,20,31,"This paper shows that electroconvulsive shock alters structural plasticity and survival of adult-born versus developmentally born dentate gyrus neurons, without addressing what hippocampal activity represents, multisensory integration, or state inference."
2026-08-28 12:22,no,高血糖高浸透圧症候群と敗血症の治療後に遅発性両側海馬障害を呈し短期記憶障害と聴覚失認を来した1例(Delayed bilateral hippocampal injury with short–term memory impairment and auditory agnosia after treatment for hyperglycemic hyperosmolar syndrome and sepsis: A case report),Nihon Kyukyu Igakukai Zasshi Journal of Japanese Association for Acute Medicine,https://doi.org/10.1002/jja2.13133,2026-04-29,56,20,31,"This is a single clinical case report describing delayed bilateral hippocampal injury and associated short-term memory impairment and auditory agnosia after hyperosmolar hyperglycemic syndrome and sepsis, without addressing what hippocampal activity represents, multisensory integration, or state inf"
2026-08-28 12:22,no,HIV-exposure related disruptions in functional and structural connectivity in the central auditory system in adolescence,bioRxiv (Cold Spring Harbor Laboratory),https://doi.org/10.64898/2026.04.06.716813,2026-04-09,81,10,31,"This is a developmental clinical neuroimaging study of HIV-exposed but uninfected children’s central auditory system connectivity, not about hippocampal/MTL representations, multisensory integration, or state inference/belief updating."
2026-08-28 12:22,no,CRISPR-based epigenetic editing of the CDK5 gene in mouse brain,ScholarlyCommons (University of Pennsylvania),https://openalex.org/works/W7155022881,2026-04-11,56,20,31,"This paper shows that CRISPR-dCas9-mediated epigenetic repression of Cdk5 in mouse hippocampus reduces Cdk5 expression and impairs fear memory, focusing on molecular regulation of memory rather than hippocampal representations, multisensory integration, or state inference."
2026-08-28 12:22,no,Editorial: The interplay between GABA and glutamate in systems physiology and pathophysiology,Frontiers in Pharmacology,https://doi.org/10.3389/fphar.2026.1831636,2026-04-10,56,20,31,"This editorial synthesizes work on GABAergic and glutamatergic modulation (e.g., GABAB effects on interneuron plasticity in dentate gyrus) at a systems-physiology level, but it focuses on synaptic and circuit mechanisms rather than hippocampal/MTL representations, multisensory integration, or state "
2026-08-28 12:22,no,Short Peptide Neurotrophin Mimetics Modulate Neurogenesis in the Subgranular Zone of the Dentate Gyrus in a Rat Middle Cerebral Artery Occlusion Model,Current Bioactive Compounds,https://doi.org/10.2174/0115734072423710251206015553,2026-04-08,77,10,30,"This paper shows that short peptide neurotrophin mimetics alter levels and morphology of neurogenesis markers in the dentate gyrus after ischemic injury, without addressing hippocampal representations, multisensory integration, or state inference/belief updating."
2026-08-28 12:22,no,Fluoxetine reprograms hippocampal mitochondrial subcellular proteomes in chronically socially isolated rats,Reviews in the Neurosciences,https://doi.org/10.1515/revneuro-2025-0152,2026-04-16,76,10,30,"This paper shows that chronic fluoxetine treatment alters the mitochondrial proteome in hippocampal nonsynaptic and synaptosomal fractions in socially isolated rats, indicating changes in energy metabolism and related molecular pathways, without addressing neural representations, multisensory integr"
2026-08-28 12:22,no,High‐fat diet attenuates estradiol's efficacy on cognitive function and hippocampal synaptic plasticity in middle‐aged ovariectomized mice,Physiological Reports,https://doi.org/10.14814/phy2.70867,2026-04-01,54,20,30,"This paper shows that a high-fat diet reduces estradiol’s ability to improve hippocampus-dependent spatial memory and CA1 LTP in middle-aged ovariectomized mice, focusing on hormonal and metabolic modulation of synaptic plasticity rather than on hippocampal representations, multisensory integration,"
2026-08-28 12:22,no,Learning-specific remodeling of the hippocampal palmitoylome,RepOD,https://doi.org/10.18150/og5eqv,2026-04-16,53,20,30,"This paper characterizes learning-related changes in hippocampal protein S-palmitoylation during Morris water maze training, focusing on molecular synaptic plasticity mechanisms rather than neural representations, multisensory integration, or state inference."
2026-08-28 12:22,no,A septo–entorhinal GABAergic pathway that enables switching between episodic memories,Nature Neuroscience,https://doi.org/10.1038/s41593-026-02280-6,2026-04-29,20,35,30,"This paper likely characterizes a GABAergic pathway between septum and entorhinal cortex that modulates switching between episodic memories, focusing on circuit-level control rather than detailed hippocampal/MTL representational content or state inference mechanisms."
2026-08-28 12:22,no,"Sex-dependent role of the ventral hippocampus, but not its projection to the medial prefrontal cortex, in a novel operant conflict-driven ethanol choice task",Neuropsychopharmacology,https://doi.org/10.1038/s41386-026-02408-z,2026-04-16,20,35,30,"This paper examines how ventral hippocampal activity and its projection to medial prefrontal cortex contribute to sex-dependent behavior in an operant ethanol conflict task, focusing on circuit-level behavioral control rather than representational content, multisensory integration, or formal state i"
2026-08-28 12:22,no,Sleep deprivation impairs ventral hippocampus-medial prefrontal connectivity and task learning in rats,iScience,https://doi.org/10.1016/j.isci.2026.115683,2026-04-01,20,35,30,"The paper shows that sleep deprivation disrupts ventral hippocampus–medial prefrontal connectivity and impairs task learning, focusing on functional connectivity and learning deficits rather than on detailed hippocampal representations, multisensory integration, or formal state inference mechanisms."
2026-08-28 12:22,no,Loss of precise auditory sampling as a sign of value-driven visual attentional capture,NeuroImage,https://doi.org/10.1016/j.neuroimage.2026.121905,2026-04-01,77,10,30,"This EEG study shows that previously reward-associated visual color cues impair audiovisual task performance and reduce cortical phase-locking to auditory temporal modulations, reflecting value-driven attentional distraction rather than hippocampal/MTL representations or state inference mechanisms."
2026-08-28 12:22,no,"Sub‐Anesthetic Ketamine Administration Decreases Deviance Detection Responses at the Cellular, Population‐ and Mesoscale Levels",European Journal of Neuroscience,https://doi.org/10.1111/ejn.70471,2026-04-01,66,15,30,"This paper shows that sub-anesthetic ketamine disrupts NMDA-dependent deviance detection responses to auditory oddball stimuli in primary auditory and posterior parietal cortex, not hippocampus/MTL or task-state inference mechanisms."
2026-08-28 12:22,no,Epigenetics of Chronic Stress: Mechanisms and Health Impacts,Current Genomics,https://doi.org/10.2174/0113892029402870251108055234,2026-04-01,65,15,30,"This review focuses on epigenetic mechanisms of chronic stress (DNA methylation, histone modifications, non-coding RNAs) and their health impacts, with only broad mentions of hippocampal plasticity and no analysis of hippocampal/MTL representations, multisensory integration, or state inference/belie"
2026-08-28 12:22,no,Ketone bodies as modulators of neuronal function: from cellular mechanisms in human hippocampal neurons in vitro to cognitive outcomes in vivo,Open MIND,https://doi.org/10.14274/landini-francesca_phd2026-04-17,2026-04-17,74,10,29,"This paper shows that ketone bodies inhibit acid-sensing ion channel currents in cultured rat hippocampal neurons, as a potential antiepileptic mechanism, without addressing hippocampal representations, multisensory integration, or state inference."
2026-08-28 12:22,no,Oxytocin agonist TGOT differentially modulates synaptic plasticity and intrinsic excitability in a sex-specific manner in the juvenile rat hippocampus,Communications Biology,https://doi.org/10.1038/s42003-026-10088-0,2026-04-30,49,20,29,"This paper shows that activating oxytocin receptors with TGOT alters synaptic plasticity and intrinsic excitability in juvenile rat CA1 in a sex-specific manner, without addressing hippocampal representations, multisensory integration, or state inference."
2026-08-28 12:22,no,Hippocampal Ring Finger Protein 10-dependent signaling supports cognitive flexibility,bioRxiv (Cold Spring Harbor Laboratory),https://doi.org/10.64898/2026.03.31.715507,2026-04-02,49,20,29,"This paper shows that a specific molecular signaling pathway (RNF10-dependent NMDAR-linked transcription in dorsal CA1) is required for hippocampal-dependent cognitive flexibility, without addressing what hippocampal representations encode or how states are inferred from sensory cues."
2026-08-28 12:22,no,Age‐Related Decline in Dendritic Architecture of Hippocampal CA1 Principal Neurons in a Mouse Model of Fragile X Syndrome,Developmental Neurobiology,https://doi.org/10.1002/dneu.70030,2026-04-01,49,20,29,"This paper shows age-related structural changes in dendritic complexity and spine density of hippocampal CA1 neurons in a Fragile X mouse model, without addressing neural representations, task state inference, or multisensory integration."
2026-08-28 12:22,no,Prefrontal and hippocampal microstructural gray matter following cognitive training under moderate hypoxia in mood disorders: a randomized controlled trial,Frontiers in Neuroscience,https://doi.org/10.3389/fnins.2026.1798024,2026-04-08,48,20,28,"This clinical trial examines how hypoxia plus cognitive training affects prefrontal and hippocampal gray-matter microstructure in mood disorders and finds no significant NODDI changes, without addressing what hippocampal/MTL activity represents, multisensory integration, or state inference mechanism"
2026-08-28 12:22,no,"Transcutaneous auricular vagus nerve stimulation improves emotional and cognitive functions in post-traumatic stress disorder rats through anti-inflammation, neuroprotection, and modulation of the hippocampal nuclear factor erythroid 2-related factor 2-heme oxygenase-1-glutathione peroxidase 4 pathway.",PubMed,https://doi.org/10.19852/j.cnki.jtcm.2026.02.006,2026-04-01,48,20,28,"This paper shows that transcutaneous auricular vagus nerve stimulation alleviates PTSD-like emotional and cognitive deficits in rats via anti-inflammatory and antioxidant effects in hippocampus and prefrontal cortex, focusing on NRF2-HO-1-GPX4 signaling rather than on hippocampal representations, mu"
2026-08-28 12:22,no,cGMP elevation restores stress-induced weakening in hippocampal LTP and LTD,Unknown,https://doi.org/10.14293/cgmp.26000113.v1,2026-04-01,48,20,28,"This paper examines molecular and synaptic mechanisms (cGMP, GC-A/NO-GC, PDE-9, LTP/LTD, spine profiles) underlying stress effects on hippocampal plasticity, without addressing hippocampal/MTL representations, multisensory integration, or state inference/belief updating at the computational or cogni"
2026-08-28 12:22,no,Editorial: Cognitive enhancement by brain stimulation techniques,Frontiers in Human Neuroscience,https://doi.org/10.3389/fnhum.2026.1824005,2026-04-01,71,10,28,"This editorial broadly surveys brain stimulation for cognitive enhancement in healthy people without addressing hippocampal/MTL representations, multisensory integration, or state inference mechanisms in any specific or mechanistic way."
2026-08-28 12:22,no,Re-entraining the broken rhythm: electroacupuncture and suvorexant in ischemia-associated perioperative neurocognitive dysfunction – an experimental study,International Journal of Surgery,https://doi.org/10.1097/js9.0000000000005179,2026-04-29,59,15,28,"This is a disease-model study on electroacupuncture and suvorexant effects on ischemia-related perioperative neurocognitive dysfunction, focusing on circadian rhythm, orexin signaling, and Aβ in hippocampus, without addressing hippocampal/MTL representations, multisensory integration, or state infer"
2026-08-28 12:22,no,Molecular signaling associated with antidepressant actions exhibits diurnal fluctuations in the prefrontal cortex and hippocampus of adult male and female mice,bioRxiv (Cold Spring Harbor Laboratory),https://doi.org/10.64898/2026.04.07.716906,2026-04-08,56,15,27,"This paper shows that expression and phosphorylation of several antidepressant-related molecular targets in mouse hippocampus and prefrontal cortex vary diurnally, without addressing neural representations, multisensory integration, or state inference."
2026-08-28 12:22,no,Multimodal analysis of hemodynamic and electrocortical causal interactions during auditory processing,Journal of Neural Engineering,https://doi.org/10.1088/1741-2552/ae62a6,2026-04-21,66,10,27,"This is a methods-focused EEG–fNIRS study of causal interactions during auditory processing in auditory and frontocentral cortex, with no hippocampal/MTL focus or explicit treatment of state inference or multisensory integration."
2026-08-28 12:22,no,Postoperative Recovery and Stability of Chronic Intracranial Multielectrode Electroencephalography Recording in Rats,Journal of Visualized Experiments,https://doi.org/10.3791/69937,2026-04-24,56,15,27,"This is a surgical/protocol paper about chronic intracranial EEG implantation and postoperative recovery in rats, not about hippocampal/MTL representations, multisensory integration, or state inference/belief updating."
2026-08-28 12:22,no,"Memory for multimodal picture-sound items: Influences of congruency, identifiability and cognitive ageing",Acta Psychologica,https://doi.org/10.1016/j.actpsy.2026.106876,2026-04-20,56,15,27,"This is a behavioral memory study on multimodal picture–sound congruency and identifiability, with no hippocampal/MTL data or explicit modeling of state inference or belief updating."
2026-08-28 12:22,no,Therapeutically relevant rimonabant exposure drives epigenetic remodeling in neuronal cells and rat brain tissue,Archives of Toxicology,https://doi.org/10.1007/s00204-026-04369-0,2026-04-17,56,15,27,"This paper examines how rimonabant alters epigenetic marks (histone modifications and DNA methylation) in neuronal cells and several brain regions including hippocampus, without addressing hippocampal/MTL representations, multisensory integration, or state inference at the cognitive/computational le"
2026-08-28 12:22,no,Longitudinal surface-based morphometry changes in the hippocampus in dementia,Neuropsychologia,https://doi.org/10.1016/j.neuropsychologia.2026.109470,2026-04-27,50,15,26,"This paper uses MRI to track structural morphometric changes of the hippocampus in Alzheimer’s disease and their relation to cognitive decline, without addressing what hippocampal/MTL activity represents, multisensory integration, or state inference mechanisms."
2026-08-28 12:22,no,Direct glia-to-neuron conversion mitigates hippocampal damage in a vascular dementia mouse model,Journal of Cerebral Blood Flow & Metabolism,https://doi.org/10.1177/0271678x261441070,2026-04-11,50,15,26,"This is a disease-model and cell-reprogramming paper about glia-to-neuron conversion and inflammation in hippocampal vascular dementia, with no analysis of hippocampal representations, multisensory integration, or state inference."
2026-08-28 12:22,no,Manic switching from depression is affected by adult hippocampal neurogenesis,Figshare,https://doi.org/10.6084/m9.figshare.31967377,2026-04-08,40,20,26,"This paper shows that experimentally reducing adult hippocampal neural stem cells in mice leads over weeks to a shift from depression-like to mania-like behaviors, focusing on neurogenesis and mood rather than hippocampal representations, multisensory integration, or state inference mechanisms."
2026-08-28 12:22,no,Circadian disruption induces slow-to-recover cognitive impairment and hippocampal myelin loss: a study in human beings and mice,Neurobiology of Disease,https://doi.org/10.1016/j.nbd.2026.107431,2026-04-30,39,20,26,"This paper shows that circadian disruption in humans and mice leads to persistent cognitive impairments and reduced hippocampal white-matter/structural connectivity, without addressing what hippocampal/MTL activity represents, multisensory integration, or state inference mechanisms."
2026-08-28 12:22,no,Alterations of cognitive function and hippocampal metabolism in asymptomatic neurosyphilis patients: based on 1H-magnetic resonance spectroscopy,Frontiers in Neurology,https://doi.org/10.3389/fneur.2026.1782928,2026-04-29,39,20,26,"This clinical MRS study shows that asymptomatic neurosyphilis patients have reduced hippocampal NAA/Cr ratios correlated with global cognitive scores, without addressing what hippocampal activity represents, multisensory integration, or state inference mechanisms."
2026-08-28 12:22,no,Structural MRI of the hippocampus: а review,Diagnostic radiology and radiotherapy,https://doi.org/10.22328/2079-5343-2026-17-1-7-18,2026-04-18,39,20,26,"This is a structural MRI/anatomy review of the hippocampus (morphology, blood supply, genetic polymorphism), with no substantive treatment of representations, multisensory integration, or state inference/belief updating."
2026-08-28 12:22,no,Dendritic Inhibition Terminates Plateau Potentials in CA1 Pyramidal Neurons,Journal of Neuroscience,https://doi.org/10.1523/jneurosci.1540-25.2026,2026-04-17,39,20,26,"This paper shows that specific dendrite-targeting inhibitory interneurons terminate CA1 pyramidal neuron dendritic plateau potentials via VGCC deactivation, a cellular mechanism study with little direct relevance to hippocampal representations, multisensory integration, or state inference."
2026-08-28 12:22,no,Differential effect of antiseizure medications eslicarbazepine and carbamazepine on hippocampal synaptic transmission and plasticity,Scientific Reports,https://doi.org/10.1038/s41598-026-45609-8,2026-04-16,39,20,26,"This paper examines how two antiseizure drugs affect hippocampal neuronal excitability and synaptic plasticity (LTP/LTD), without addressing hippocampal/MTL representations, multisensory integration, or state inference at the cognitive/representational level."
2026-08-28 12:22,no,Detrended fluctuation analysis of amygdala-hippocampal beta synchrony reveals network rigidity in depression associated with temporal lobe epilepsy,Journal of Neural Engineering,https://doi.org/10.1088/1741-2552/ae60d0,2026-04-16,39,20,26,"This clinical iEEG study links altered temporal dynamics of amygdala–hippocampal beta synchrony to depressive symptoms in temporal lobe epilepsy, without addressing what hippocampal/MTL activity represents, multisensory integration, or state inference/belief updating."
2026-08-28 12:22,no,Long‐term hippocampal alterations and cognitive impairment in a murine model of surgical sepsis,FEBS Open Bio,https://doi.org/10.1002/2211-5463.70240,2026-04-16,39,20,26,"This paper shows that surgical sepsis in mice leads to long-term hippocampal cell-type changes, neuron/pericyte loss, and associated memory impairments, without addressing what hippocampal activity represents, multisensory integration, or state inference mechanisms."
2026-08-28 12:22,no,Serpina1e mediates the exercise-induced enhancement of hippocampal memory in male mice,Nature Communications,https://doi.org/10.1038/s41467-026-71420-0,2026-04-09,39,20,26,"This paper shows that a muscle-derived factor, Serpina1e, is upregulated by exercise and enhances hippocampal memory via neurogenesis and BDNF, focusing on molecular mechanisms of exercise-induced cognitive benefits rather than hippocampal representations, multisensory integration, or state inferenc"
2026-08-28 12:22,no,Alexithymia and self-harm in depressed adolescents: the mediating role of resting-state functional connectivity of the ventral hippocampal-fusiform gyrus,Annals of General Psychiatry,https://doi.org/10.1186/s12991-026-00655-4,2026-04-09,39,20,26,"This is a clinical resting-state connectivity study in depressed adolescents linking ventral hippocampal–fusiform coupling to alexithymia and self-harm, without addressing what hippocampal/MTL activity represents, multisensory integration, or state inference/belief updating."
2026-08-28 12:22,no,Loss of hippocampal asymmetry in PirB-deficient mice is associated with side bias without impairing delayed nonmatching-to-position accuracy,OSF Preprints (OSF Preprints),https://openalex.org/works/W7155466364,2026-04-21,28,25,26,"This paper shows that PirB-deficient mice with altered hippocampal asymmetry have normal delayed nonmatching-to-position accuracy but increased side-biased responding, highlighting non-mnemonic strategies in this task rather than revealing anything about hippocampal representations, multisensory int"
2026-08-28 12:22,no,VR-based path integration predicts individual risk of rapid cortical decline: a one-year longitudinal study in cognitively unimpaired adults,Figshare,https://doi.org/10.6084/m9.figshare.c.8513874.v1,2026-04-20,28,25,26,"This is primarily a clinical/biomarker longitudinal study showing that worse VR-based path integration performance predicts greater subsequent cortical thinning (including parahippocampal regions), without analyzing hippocampal/MTL representations, multisensory integration, or state inference mechan"
2026-08-28 12:22,no,Mapping Projectome Heterogeneity of Subiculum Neuron Cell Types,bioRxiv (Cold Spring Harbor Laboratory),https://doi.org/10.64898/2026.04.01.716004,2026-04-04,15,30,26,"This paper anatomically classifies subiculum neuron cell types and their projection patterns using gene expression and single-neuron reconstructions, without addressing neural representations, multisensory integration, or state inference at the functional/cognitive level."
2026-08-28 12:22,no,Cortical inhibitory potentiation reverses maladaptive amygdala plasticity after noise-induced hearing loss,bioRxiv (Cold Spring Harbor Laboratory),https://doi.org/10.64898/2026.04.02.716147,2026-04-06,65,10,26,"This paper shows that optogenetically potentiating inhibitory neurons in higher-order auditory cortex reverses maladaptive amygdala plasticity and hyperresponsivity after noise-induced hearing loss, with no direct relevance to hippocampal/MTL representations or state inference."
2026-08-28 12:22,no,Sex-specific effects of chronic caffeine on impulsive choice and serotonergic markers in an ADHD rat model,Psychopharmacology,https://doi.org/10.1007/s00213-026-07050-7,2026-04-01,65,10,26,"This paper examines how chronic caffeine affects impulsive choice and serotonergic markers (including in hippocampus) in an ADHD rat model, without addressing what hippocampal/MTL activity represents, multisensory integration, or state inference/belief updating."
2026-08-28 12:22,no,Pharmacological treatment with a GABA(A) receptor modulator and a selective serotonin reuptake inhibitor as a mitigation strategy against aircraft noise‐induced cardiovascular and neuronal damage,British Journal of Pharmacology,https://doi.org/10.1111/bph.70421,2026-04-09,64,10,26,"This paper shows that diazepam and citalopram reduce aircraft-noise–induced cardiovascular dysfunction and oxidative stress/inflammation (including in hippocampus), without addressing hippocampal representations, multisensory integration, or state inference mechanisms."
2026-08-28 12:22,no,Regional heterogeneity and S100A10 dysregulation: Defining astrocyte ageing in the hippocampus,Glial health research.,https://doi.org/10.1016/j.ghres.2026.100014,2026-04-02,59,10,25,"This paper characterizes region-specific molecular and morphological ageing changes in hippocampal astrocytes (GFAP, oxidative stress, S100A10) without addressing neural representations, multisensory integration, or state inference/belief updating."
2026-08-28 12:22,no,Personalized audiovisual gamma stimulation enhances neural connectivity and entrainment beyond fixed 40 Hz protocols,Frontiers in Neuroscience,https://doi.org/10.3389/fnins.2026.1787255,2026-04-08,49,15,25,"This paper shows that personalized audiovisual gamma-frequency stimulation, especially conversation-derived gamma, produces stronger cortical EEG entrainment and connectivity than fixed 40 Hz, without addressing hippocampal/MTL representations, multisensory state inference, or belief updating."
2026-08-28 12:22,no,Attenuation of mGluR1/5-dependent synaptic plasticity and ERK pathway dysfunction in the hippocampus of diabetic rats,Frontiers in Neuroscience,https://doi.org/10.3389/fnins.2026.1814915,2026-04-01,49,15,25,"This paper shows that streptozotocin-induced diabetes reduces mGluR1/5-dependent LTD and associated ERK phosphorylation in hippocampal CA1, focusing on molecular synaptic plasticity mechanisms rather than representations, multisensory integration, or state inference."
2026-08-28 12:22,no,The adhesion GPCR ADGRV1 controls glutamate homeostasis in hippocampal astrocytes supporting neurons,Figshare,https://doi.org/10.6084/m9.figshare.c.8437775,2026-04-19,48,15,25,"This paper shows that loss of the adhesion GPCR ADGRV1 in hippocampal astrocytes disrupts glutamate uptake and homeostasis, affecting astrocyte number and morphology, with no direct analysis of hippocampal representations, multisensory integration, or state inference."
2026-08-28 12:22,no,Spatiotemporal dynamics of seizure networks: Progressive posterior hippocampal recruitment in mesial temporal lobe epilepsy,Epilepsia,https://doi.org/10.1002/epi.70240,2026-04-15,48,15,25,"This is a clinical epilepsy paper characterizing structural atrophy and electrophysiological changes along the hippocampal axis in mesial temporal lobe epilepsy, without addressing what hippocampal activity represents, multisensory integration, or state inference/belief updating."
2026-08-28 12:22,no,Hippocampal AIM2 inflammasome regulate seizure and cognitive impairment in mice with temporal lobe epilepsy,Neurobiology of Disease,https://doi.org/10.1016/j.nbd.2026.107392,2026-04-12,48,15,25,"This paper shows that knocking down hippocampal AIM2 inflammasome in a kainic-acid temporal lobe epilepsy mouse model reduces seizures, neuroinflammation, and associated cognitive impairments, focusing on molecular inflammatory mechanisms rather than hippocampal representations or state inference."
2026-08-28 12:22,no,The atypical adhesion GPCR ADGRA1 controls hippocampal inhibitory circuit function,Cell Reports,https://doi.org/10.1016/j.celrep.2026.117255,2026-04-01,48,15,25,"This paper shows that the orphan GPCR ADGRA1, enriched in hippocampal PV interneurons, is required for their excitability and inhibitory synaptic strength via specific G-protein signaling, clarifying molecular control of inhibitory circuit formation rather than cognitive representations or state inf"
2026-08-28 12:22,no,Reticulocalbin‐2 in the Hippocampus Improves Cognitive Function of Diabetic Mice,Brain and Behavior,https://doi.org/10.1002/brb3.71336,2026-04-01,48,15,25,"This paper shows that altering hippocampal reticulocalbin-2 levels in diabetic mice affects synaptic integrity and cognitive performance via the GSK3β–Tau pathway, focusing on molecular neuroprotection rather than hippocampal representations, multisensory integration, or state inference."
2026-08-28 12:22,no,Perisomatic innervation on the semilunar granule cells and outer molecular layer granule cells of the dentate gyrus of the mouse,Frontiers in Neuroanatomy,https://doi.org/10.3389/fnana.2026.1749335,2026-04-29,38,20,25,"This paper anatomically characterizes excitatory and inhibitory perisomatic inputs onto specific dentate gyrus granule cell subtypes in mice, without addressing representations, task state, multisensory integration, or state inference at a cognitive/functional level."
2026-08-28 12:22,no,Transcranial vibrotactile stimulation enhances hippocampal cholinergic signaling and memory through frequency-dependent mechanotransduction,Scientific Reports,https://doi.org/10.1038/s41598-026-49377-3,2026-04-22,38,20,25,"This paper shows that chronic cranial vibrotactile stimulation at 40–80 Hz in a scopolamine mouse model improves behavioral memory performance and hippocampal cholinergic and molecular signaling, without addressing hippocampal/MTL representations, multisensory integration, or state inference."
2026-08-28 12:22,no,Perinatal bisphenols combined exposure caused working memory impairment by disturbing the ventral hippocampus-medial prefrontal cortex circuit,Ecotoxicology and Environmental Safety,https://doi.org/10.1016/j.ecoenv.2026.120126,2026-04-16,38,20,25,"This paper shows that perinatal bisphenol exposure impairs working memory in mice and disrupts vHPC–mPFC oscillations, synaptic plasticity, and spine density, without addressing what hippocampal/MTL activity represents, multisensory integration, or state inference/belief updating."
2026-08-28 12:22,no,Multimodal MR Imaging Reveals the Mechanisms of Post‐Cardiac‐Arrest Brain edema: Ferroptosis‐Mediated BBB Disruption and AQP4 Dysfunction,Journal of Magnetic Resonance Imaging,https://doi.org/10.1002/jmri.70325,2026-04-03,61,10,25,"This paper uses MRI and histology in a rat cardiac-arrest model to show ferroptosis-related iron accumulation and BBB/AQP4 dysfunction in hippocampus, focusing on molecular mechanisms of edema rather than hippocampal representations, multisensory integration, or state inference."
2026-08-28 12:22,no,Resveratrol Attenuates Neuroinflammation and Myelination Deficits in Repeated Sevoflurane‐Exposed Neonatal Mice,International Journal of Developmental Neuroscience,https://doi.org/10.1002/jdn.70123,2026-04-01,61,10,25,"This is a developmental, molecular/cellular study of sevoflurane-induced neuroinflammation and hypomyelination (and resveratrol’s protective effects) in neonatal mice, with no analysis of hippocampal/MTL representations, multisensory integration, or state inference/belief updating."
2026-08-28 12:22,no,Morphogen upregulation following seizure-induced oxidative stress: Implications for hippocampal remodeling and neuronal survival,Digital Commons - PCOM (Philadelphia College of Osteopathic Medicine),https://openalex.org/works/W7162898431,2026-04-17,57,10,24,"This review focuses on molecular morphogen signaling and oxidative-stress–induced structural remodeling in epileptic hippocampus, not on hippocampal representations, multisensory integration, or state inference/belief updating."
2026-08-28 12:22,no,Additional file 2 of Repeated sleep deprivation selectively reactivates hippocampal CA1 pyramidal neurons,Figshare,https://doi.org/10.6084/m9.figshare.32258352.v1,2026-04-01,57,10,24,"This supplementary file concerns cellular-level effects of repeated sleep deprivation on hippocampal CA1 pyramidal neurons, not representational content, multisensory integration, or state inference/belief updating."
2026-08-28 12:22,no,Immunophenotypic characterization of NF-κB expression in the dentate gyrus of aging rats with diabetes mellitus and its pharmacological correction,Journal of Volgograd State Medical University,https://doi.org/10.19163/1994-9480-2026-23-1-109-114,2026-04-07,56,10,24,"This paper measures NF-κB expression (a molecular marker of neuroinflammation) in the dentate gyrus of diabetic aging rats and its pharmacological modulation, without addressing neural representations, multisensory integration, or state inference."
2026-08-28 12:22,no,EFFECT OF FOCUSED ACOUSTIC SHOCK WAVE ON THE ACTIVITY OF HIPPOCAMPAL NEURONS AND ASTROCYTES IN CULTURE,Unknown,https://doi.org/10.29003/m5087.sudak.ns2026-22/56-57,2026-04-24,56,10,24,"This paper examines how focused acoustic shock waves affect the cellular activity of hippocampal neurons and astrocytes in culture, without addressing cognitive-level representations, multisensory integration, or state inference."
2026-08-28 12:22,no,Audiovisual cues must be predictable and win-paired to drive risky choice,eLife,https://doi.org/10.7554/elife.105951.3,2026-04-13,32,20,24,"This paper shows that in a rat gambling task, reliably win-paired audiovisual cues (but not random or loss-only cues) increase risky choice, indicating that cue–reward contingency and predictability, rather than mere arousal, drive maladaptive risk preference."
2026-08-28 12:22,no,Associations between memory performance and hippocampal and medial temporal sub-regional volumes in cognitively healthy young and middle-aged adults,Unknown,https://doi.org/10.21428/8e6ba8ef.d43c8984,2026-04-28,20,25,24,"This paper correlates hippocampal/MTL subregional volumes with memory performance in healthy adults, focusing on structural anatomy and behavior rather than neural representations, multisensory integration, or state inference mechanisms."
2026-08-28 12:22,no,Proof Engine Verification: Hippocampal damage leads to anterograde amnesia for new episodic memories and does not impair skill learning or retrograde memories from early life.,Zenodo (CERN European Organization for Nuclear Research),https://doi.org/10.5281/zenodo.19455239,2026-04-07,20,25,24,"This paper uses automated tools to verify classic clinical claims about hippocampal damage and memory (anterograde amnesia, spared skills, remote memories) and does not address hippocampal/MTL representations, multisensory integration, or state inference mechanisms."
2026-08-28 12:22,no,Proof Engine Verification (PROVED (with unverified citations)): Hippocampal damage leads to anterograde amnesia for new episodic memories and does not impair skill learning or retrograde memories from early life.,Zenodo (CERN European Organization for Nuclear Research),https://doi.org/10.5281/zenodo.19455509,2026-04-07,20,25,24,"This paper uses automated tools to fact-check classic clinical claims about hippocampal damage and memory (anterograde amnesia, preserved skills, early-life memories) and does not address hippocampal/MTL representations, multisensory integration, or state inference mechanisms."
2026-08-28 12:22,no,Dentate gyrus interneurons modulate winner-take-all network dynamics in freely behaving mice,Neuron,https://doi.org/10.1016/j.neuron.2026.03.034,2026-04-01,20,25,24,"This paper examines how dentate gyrus interneurons influence local winner-take-all network dynamics in mice, focusing on circuit-level modulation rather than cognitive representations, multisensory integration, or state inference."
2026-08-28 12:22,no,"Hair cortisol-related resting-state effective connectivity between the amygdala, hippocampus, and striatum: A biomarker perspective on the chronically stressed brain",Progress in Neuro-Psychopharmacology and Biological Psychiatry,https://doi.org/10.1016/j.pnpbp.2026.111707,2026-04-01,20,25,24,"This paper links hair cortisol levels to resting-state effective connectivity among amygdala, hippocampus, and striatum as predictors of psychological distress, without addressing what hippocampal/MTL activity represents, multisensory integration, or state inference/belief updating."
2026-08-28 12:22,no,"First come, first served: neuronal processing of multi-echo streams in the auditory cortex of echolocating bats",Journal of Experimental Biology,https://doi.org/10.1242/jeb.252069,2026-04-23,57,10,24,"This paper shows that in anesthetized bats’ auditory cortex, neurons preferentially respond to the first echo in a cascade largely based on temporal order rather than echo intensity, consistent with a short neural time window for classifying sounds as echoes."
2026-08-28 12:22,no,Long-Term Neurotoxic Effects of Mitoxantrone in Aged Mice: Modulation of Neuroinflammatory and Apoptotic Pathways,Science Letters,https://doi.org/10.48797/sl.2026.482,2026-04-17,56,10,24,"This paper examines mitoxantrone-induced molecular neurotoxicity and neuroinflammation in aged mouse hippocampus and prefrontal cortex, without addressing hippocampal/MTL representations, multisensory integration, or state inference/belief updating at a systems or cognitive level."
2026-08-28 12:22,no,Efficient coding characterizes altered neural representations elicited by subtle sensory lesions,bioRxiv (Cold Spring Harbor Laboratory),https://doi.org/10.64898/2026.04.10.717653,2026-04-14,56,10,24,"This paper analyzes efficient coding and gain adaptation in gerbil auditory midbrain neurons after subtle peripheral hearing lesions, focusing on sensory encoding and metabolic constraints rather than hippocampal/MTL representations, multisensory integration, or state inference."
2026-08-28 12:22,no,Cardiac HRV as a source of stochastic resonance for phase-dependent interoceptive gating: a computational investigation,Zenodo (CERN European Organization for Nuclear Research),https://doi.org/10.5281/zenodo.19480087,2026-04-09,56,10,24,"This computational study examines how cardiac heart rate variability can provide noise for stochastic resonance in interoceptive gating, without addressing hippocampal/MTL representations, multisensory integration, or neural state inference/belief updating."
2026-08-28 12:22,no,Human Midbrain Evoked Potentials Following the Offset of Acoustic Stimuli with Different Frequency Content: Analysis of Peak E Amplitude,Human Physiology,https://doi.org/10.1134/s0362119726700404,2026-04-01,56,10,24,"This paper shows that an offset-evoked potential recorded from human midbrain (inferior colliculus) during surgery varies in amplitude with the frequency specificity of acoustic stimuli, reflecting summed auditory midbrain activity rather than hippocampal/MTL representations or state inference."
2026-08-28 12:22,no,Intranasal Galanin(1–15) influences depression- and anxiety-related behaviors through sex-dependent mechanisms in rats,Figshare,https://doi.org/10.6084/m9.figshare.c.8532474.v1,2026-04-25,56,10,24,"This paper examines how intranasal Galanin(1–15) affects depression- and anxiety-like behavior and related gene expression (including in hippocampus), focusing on sex differences, without addressing hippocampal/MTL representations, multisensory integration, or state inference/belief updating."
2026-08-28 12:22,no,Semaglutide ameliorates core symptoms in mouse model of autism spectrum disorder by regulating inflammation-related pathways,DOAJ (DOAJ: Directory of Open Access Journals),https://doi.org/10.16016/j.2097-0927.202601037,2026-04-01,56,10,24,"This paper tests whether semaglutide improves autism-like behaviors in BTBR mice via inflammation-related molecular pathways, without addressing hippocampal/MTL representations, multisensory integration, or neural state inference/belief updating."
2026-08-28 12:22,no,Sensory and cortical biomarkers unveil pain modulation mechanisms induced by targeted multisensory neurostimulation,Figshare,https://doi.org/10.6084/m9.figshare.c.8538635,2026-04-29,54,10,23,"This clinical VR+tactile stimulation study focuses on pain modulation, sensory acuity, and EEG power changes, without addressing hippocampal/MTL representations, multisensory state inference, or belief updating mechanisms."
2026-08-28 12:22,no,Promising Therapeutic Potential of miR-220-3p Mimic Against Murine Trimethyltin Hippocampal Injury,Iranian journal of pharmaceutical research,https://doi.org/10.5812/ijpr-165755,2026-04-25,53,10,23,"This paper tests a miRNA-based intervention against chemically induced hippocampal injury in mice, focusing on molecular, oxidative stress, inflammatory, and behavioral (spatial memory) outcomes, not on what hippocampal/MTL activity represents or how states are inferred from sensory cues."
2026-08-28 12:22,no,Morphological differences along the radial gradient of hippocampal area CA2 pyramidal neuron dendrites,bioRxiv (Cold Spring Harbor Laboratory),https://doi.org/10.64898/2026.04.24.719171,2026-04-28,30,20,23,"This paper anatomically characterizes dendritic morphology gradients of CA2 pyramidal neurons without addressing what these neurons represent, how they integrate sensory cues, or how they support state inference or belief updating."
2026-08-28 12:22,no,"Differential effects of wheel running and treadmill exercise on spatial memory, adult hippocampal neurogenesis and the cerebrospinal fluid proteome in rats",Neuropharmacology,https://doi.org/10.1016/j.neuropharm.2026.110956,2026-04-09,30,20,23,"This paper compares how different exercise paradigms affect spatial memory, adult hippocampal neurogenesis, and CSF protein levels in rats, without addressing what hippocampal/MTL activity represents, multisensory integration, or state inference/belief updating mechanisms."
2026-08-28 12:22,no,Long term administration of selective NMDA GluN2B receptor blocker Ro25-6981 attenuates neurodegeneration in mouse model of spinocerebellar ataxia type 1 (SCA1),Cell Death Discovery,https://doi.org/10.1038/s41420-026-03120-z,2026-04-13,66,5,23,"This paper shows that chronic blockade of GluN2B-containing NMDA receptors with Ro25-6981 reduces cerebellar neurodegeneration and motor deficits in a mouse model of spinocerebellar ataxia type 1, focusing on disease and molecular mechanisms rather than hippocampal/MTL representations or state infer"
2026-08-28 12:22,no,Folic acid modulates the Notch1/NF-κB pathway in a rat model of lipopolysaccharide-activated hippocampal microglia,Frontiers in Neuroanatomy,https://doi.org/10.3389/fnana.2026.1748518,2026-04-10,50,10,22,"This paper shows that folic acid reduces LPS-induced hippocampal neuroinflammation by modulating microglial activation and Notch1/NF-κB signaling, without addressing hippocampal representations, multisensory integration, or state inference."
2026-08-28 12:22,no,Embryonic depletion of D-aspartate perturbs NMDA receptor-dependent long-term potentiation in the hippocampus of juvenile mice,bioRxiv (Cold Spring Harbor Laboratory),https://doi.org/10.64898/2026.04.22.720120,2026-04-23,49,10,22,"This paper shows that embryonic depletion of D-aspartate alters NMDA receptor–dependent LTP in juvenile mouse hippocampal CA1 without changing basic synaptic transmission, focusing on molecular/developmental synaptic plasticity rather than hippocampal representations, multisensory integration, or st"
2026-08-28 12:22,no,Audiovisual incongruent word recognition in children with developmental language disorder: Evidence from eye tracking,Clinical Linguistics & Phonetics,https://doi.org/10.1080/02699206.2026.2656205,2026-04-22,49,10,22,"This is a developmental/clinical eye-tracking study of audiovisual speech integration in children with language disorder and does not address hippocampal/MTL representations, state inference, or belief updating mechanisms."
2026-08-28 12:22,no,P2X7 receptor-mediated astrocytic atrophy in the hippocampus of mice after status epilepticus,bioRxiv (Cold Spring Harbor Laboratory),https://doi.org/10.64898/2026.04.16.718853,2026-04-20,49,10,22,"This paper shows that blocking or deleting P2X7 receptors prevents kainic-acid–induced astrocytic atrophy and related electrophysiological changes in hippocampal astrocytes after status epilepticus, focusing on cellular pathology rather than cognitive representations or state inference."
2026-08-28 12:22,no,Targeted silencing of hippocampal TNF-α via siRNA nanoplexes to alleviate depression,NeuroImmune Pharmacology and Therapeutics,https://doi.org/10.1515/nipt-2026-0002,2026-04-08,49,10,22,"This paper shows that knocking down TNF-α in hippocampal CA1 via siRNA nanoplexes reduces depressive-like behavior in rats, without addressing hippocampal representations, multisensory integration, or state inference."
2026-08-28 12:22,no,Research progress on the regulation of glucose metabolism in adult hippocampal neurogenesis,Aging Medicine and Healthcare,https://doi.org/10.4103/amah.amh-2025-05-055,2026-04-07,49,10,22,"This review summarizes how glucose metabolism pathways regulate adult hippocampal neurogenesis at a cellular/metabolic level, without addressing hippocampal/MTL representations, multisensory integration, or state inference/belief updating."
2026-08-28 12:22,no,Cross-Species evidence for hippocampal CACNA1C as a therapeutic target for alcohol use disorder,Translational Psychiatry,https://doi.org/10.1038/s41398-026-04038-x,2026-04-17,39,15,22,"This paper shows that chronic alcohol use increases hippocampal CACNA1C expression in humans and nonhuman primates and that blocking CACNA1C with nifedipine reduces ethanol-induced conditioned place preference in mice, focusing on a molecular therapeutic target rather than representational or state-"
2026-08-28 12:22,no,Hippocampal and Amygdalar Atrophy Predicts Lithium Response in Bipolar Disorder: Machine Learning Evidence from a Prospective Multi-Site Cohort,HAL (Le Centre pour la Communication Scientifique Directe),https://openalex.org/works/W7154792291,2026-04-10,39,15,22,"This clinical MRI study shows that smaller baseline hippocampal and amygdalar gray-matter volumes predict better lithium treatment response in bipolar disorder, without addressing what these regions represent, multisensory integration, or state inference mechanisms."
2026-08-28 12:22,no,Functionally convergent but parametrically distinct solutions: Robust degeneracy in a population of computational models of early-birth rat CA1 pyramidal neurons,bioRxiv (Cold Spring Harbor Laboratory),https://doi.org/10.64898/2026.03.30.715207,2026-04-01,39,15,22,"This paper uses biophysical modeling to show that early-birth rat CA1 pyramidal neurons can achieve similar firing properties via many different ion-channel parameter combinations, which is about cellular degeneracy rather than hippocampal representations, multisensory integration, or state inferenc"
2026-08-28 12:22,no,Long-Term Dynamical Constraints on Pharmacologically Evoked Potentiation Imply Activity Conservation within In Vitro Hippocampal Networks,UNC Libraries,https://doi.org/10.17615/x6ss-n783,2026-04-07,38,15,22,"This in vitro study shows that pharmacologically induced synaptic potentiation in cultured hippocampal networks leads to long-lasting changes in spiking dynamics constrained by an overall conservation of spike activity, without addressing representations, multisensory integration, or state inference"
2026-08-28 12:22,no,Roles of NR2F1 in Hippocampal Circuit Function and Mitochondrial Regulation : Insights into NR2F1-Related Neurodevelopmental Disorder,Unknown,https://doi.org/10.70675/102c8872z0b71z473cz9b4az1b24cbff5d13,2026-04-24,28,20,22,"This thesis examines how NR2F1 haploinsufficiency alters hippocampal dentate gyrus circuitry and mitochondrial function in a neurodevelopmental disorder model, focusing on cellular and circuit-level pathology rather than representational content, multisensory integration, or state inference mechanis"
2026-08-28 12:22,no,Neurocognitive and Memory-Enhancing Effect of Tanacetum vulgare Essential Oil: Involvement of Hippocampal Neurotrophic Signaling,Pharmaceutics,https://doi.org/10.3390/pharmaceutics18040449,2026-04-06,28,20,22,"This paper shows that chronic Tanacetum vulgare essential oil administration improves hippocampal-dependent memory performance in rats and increases hippocampal BDNF expression, without addressing representational content, state inference, or multisensory integration mechanisms."
2026-08-28 12:22,no,Short-Term Exercise Ameliorates Cognitive Deficits and Upregulates the Hippocampal BDNF Pathway in Rats with Chronic Sleep Deprivation,Brain Behavior & Immunity - Health,https://doi.org/10.1016/j.bbih.2026.101237,2026-04-01,28,20,22,"This paper shows that short-term treadmill exercise reverses chronic sleep-deprivation–induced cognitive deficits and molecular/synaptic changes (BDNF pathway, NMDAR, CaMKIV, PSD-95) in rat hippocampus, without addressing what hippocampal/MTL activity represents, multisensory integration, or state i"
2026-08-28 12:22,no,Fibrotic lung-derived sphingosine-1-phosphate drives emotion-like disorders by regulating hippocampal neuroinflammation and cell death,bioRxiv (Cold Spring Harbor Laboratory),https://doi.org/10.64898/2026.04.28.721267,2026-04-30,48,10,21,"This paper shows that a lung-derived metabolite (S1P) acts via hippocampal S1PR1 signaling to induce neuroinflammation, cell death, and anxiety/depression-like behaviors, focusing on molecular pathology rather than hippocampal representations, multisensory integration, or state inference."
2026-08-28 12:22,no,Homocysteine Drives Hippocampal Blood–Brain Barrier Disruption and Cognitive Decline Under Chronic Stress via DNA Hypomethylation of Cav1.2,Brain Sciences,https://doi.org/10.3390/brainsci16050491,2026-04-30,48,10,21,"This paper shows that elevated homocysteine under chronic stress disrupts hippocampal blood–brain barrier integrity via DNA hypomethylation and Cav1.2 upregulation, leading to cognitive deficits, focusing on molecular vascular mechanisms rather than hippocampal representations or state inference."
2026-08-28 12:22,no,L-serine diet restores impaired adult neurogenesis in the hippocampus of 3xTg-AD mice,bioRxiv (Cold Spring Harbor Laboratory),https://doi.org/10.64898/2026.04.27.721014,2026-04-29,48,10,21,"This paper shows that chronic dietary L-serine supplementation partially rescues impaired adult hippocampal neurogenesis in an Alzheimer’s mouse model, focusing on cellular/molecular mechanisms rather than hippocampal representations, multisensory integration, or state inference."
2026-08-28 12:22,no,Pharmacological Profile of Early Sharp Waves in the Neonatal Rat Hippocampus,Hippocampus,https://doi.org/10.1002/hipo.70098,2026-04-19,48,10,21,"This paper characterizes receptor-level pharmacological mechanisms of early sharp waves in neonatal rat hippocampus, focusing on developmental network activity rather than representations, multisensory integration, or state inference."
2026-08-28 12:22,no,Compartment-Specific Mitochondrial Proteomic Alterations in Rat Hippocampus Following Chronic Social Isolation Stress,International Journal of Molecular Sciences,https://doi.org/10.3390/ijms27083386,2026-04-09,48,10,21,"This paper reports compartment-specific mitochondrial proteomic changes in rat hippocampal tissue after chronic social isolation stress, focusing on molecular energy-metabolism and stress-related alterations rather than neural representations, multisensory integration, or state inference."
2026-08-28 12:22,no,Somatic variants activating the RAS-MAPK pathway confer susceptibility to hippocampal sclerosis in drug-resistant epilepsy,bioRxiv (Cold Spring Harbor Laboratory),https://doi.org/10.64898/2026.04.06.716727,2026-04-08,48,10,21,"This paper identifies somatic RAS–MAPK pathway mutations that predispose hippocampal tissue to sclerosis in drug-resistant epilepsy, focusing on genetic and molecular mechanisms of pathology rather than hippocampal representations, multisensory integration, or state inference."
2026-08-28 12:22,no,Early Effects of Poly(I:C)‐induced Neuroinflammation on Hippocampal Astrocyte Function and Glycolytic Metabolism,Journal of Neurochemistry,https://doi.org/10.1111/jnc.70434,2026-04-01,48,10,21,"Shows how Poly(I:C)-induced neuroinflammation alters hippocampal astrocyte reactivity and glycolytic metabolism, without addressing hippocampal representations, multisensory integration, or state inference."
2026-08-28 12:22,no,[Effects of Wuyou Decoction on hippocampal neuronal apoptosis and mitochondrial damage in chronic sleep deprivation rats via RhoA/ROCK1/Drp1 pathway].,PubMed,https://doi.org/10.19540/j.cnki.cjcmm.20251112.401,2026-04-01,48,10,21,"This is a molecular/cellular study of neuroprotection and apoptosis in sleep-deprived rat hippocampus, not about hippocampal representations, multisensory integration, or state inference/belief updating."
2026-08-28 12:22,no,Ultrasound-mediated Neuronal Membrane Deflection: A Model for Hypoglossal Motoneuron Modulation,Unknown,https://doi.org/10.1109/imcet69180.2026.11503710,2026-04-15,59,5,21,"This paper uses a computational model to study how ultrasound mechanically deforms neuronal membranes to modulate hypoglossal motoneuron excitability, without addressing hippocampal/MTL representations, multisensory integration, or state inference/belief updating."
2026-08-28 12:22,no,Remimazolam attenuates excessive autophagy and apoptosis in hippocampal neurons of sleep-deprived mice by suppressing endoplasmic reticulum stress through RIPK1 inhibition,Brain Research Bulletin,https://doi.org/10.1016/j.brainresbull.2026.111885,2026-04-09,43,10,20,"This paper shows that remimazolam reduces sleep-deprivation–induced hippocampal neuron damage by modulating ER-stress–related autophagy and apoptosis, focusing on molecular neuroprotection rather than hippocampal representations, multisensory integration, or state inference."
2026-08-28 12:22,no,From gut to brain: effects of fecal microbiota transplants from humans to rats on hippocampal gene regulation - a study on anorexia nervosa,Translational Psychiatry,https://doi.org/10.1038/s41398-026-04056-9,2026-04-30,30,15,20,"This paper examines how human-to-rat fecal microbiota transplants affect hippocampal gene expression and neuroinflammation in an anorexia nervosa model, without addressing hippocampal representations, multisensory integration, or state inference/belief updating at the cognitive or systems level."
2026-08-28 12:22,no,Sex Differences in B2 SINE RNA Expression and Their Role in Hippocampal Development,Cells,https://doi.org/10.3390/cells15090816,2026-04-30,30,15,20,"This paper shows sex-dependent effects of knocking down B2 SINE RNA on dendritic complexity in developing hippocampal neurons, focusing on molecular/developmental mechanisms rather than hippocampal representations, multisensory integration, or state inference."
2026-08-28 12:22,no,Inhibition of HMGB1 restores adult hippocampal neurogenesis and spatial learning after adolescent binge alcohol exposure,Physiology & Behavior,https://doi.org/10.1016/j.physbeh.2026.115350,2026-04-18,30,15,20,"This paper shows that inhibiting HMGB1 after adolescent binge alcohol exposure reverses neuroinflammation, restores adult hippocampal neurogenesis, and improves spatial learning, focusing on molecular and developmental pathology rather than hippocampal representations or state inference mechanisms."
2026-08-28 12:22,no,"The role of ghrelin receptor constitutive activity in fear memory: hippocampal excitability, long-term potentiation, and behavioral implications",Physiology & Behavior,https://doi.org/10.1016/j.physbeh.2026.115357,2026-04-29,20,20,20,"This paper shows that blocking constitutive ghrelin receptor activity in amygdala and hippocampal CA1 impairs fear memory and reduces hippocampal excitability and LTP, focusing on molecular modulation of plasticity rather than on hippocampal representations, multisensory integration, or state infere"
2026-08-28 12:22,no,What Is the Potential Relevance of Hippocampal Area CA2 in Neurologic Disorders?,Neurology,https://doi.org/10.1212/wnl.0000000000218096,2026-04-28,20,20,20,"This paper is a clinical/neurologic review of CA2’s potential involvement in disorders, focusing on pathology and disease relevance rather than on what hippocampal/MTL activity represents or how it supports state inference or multisensory integration."
2026-08-28 12:22,no,Echoes of trauma: The impact of hippocampal impairments on reward and motivational dysfunction in psychosis,Neuroscience & Biobehavioral Reviews,https://doi.org/10.1016/j.neubiorev.2026.106694,2026-04-25,20,20,20,"This is a clinical/theoretical review linking trauma-related hippocampal dysfunction to reward and motivational deficits in psychosis, without addressing hippocampal representations, multisensory integration, or formal state inference/belief updating mechanisms."
2026-08-28 12:22,no,HISTOLOGICAL FEATURES AND CLINICAL SIGNIFICANCE OF NEUROGENESIS IN THE ADULT HIPPOCAMPUS.,Zenodo (CERN European Organization for Nuclear Research),https://doi.org/10.5281/zenodo.19692178,2026-04-22,20,20,20,"This paper reviews cellular and histological aspects of adult hippocampal neurogenesis and its clinical implications, without addressing representational content, multisensory integration, or state inference mechanisms in hippocampal/MTL activity."
2026-08-28 12:22,no,"Review for ""Perfused Brain Slice–on–Chip Platforms: A Systematic Review of Long-Term Organotypic Hippocampal Tissue Culture""",Unknown,https://doi.org/10.1039/d6lc00266h/v1/review1,2026-04-22,20,20,20,"This systematic review evaluates microfluidic perfused organotypic hippocampal slice-on-chip platforms for long-term viability and functional maintenance, focusing on technical and methodological issues rather than hippocampal representations, multisensory integration, or state inference."
2026-08-28 12:22,no,Chemogenetic activation of CaMKⅡα positive neurons in the ventral hippocampus produces antidepressant and anxiolytic effects in unilateral 6-hydroxydopamine-lesioned rats,Behavioural Brain Research,https://doi.org/10.1016/j.bbr.2026.116231,2026-04-17,20,20,20,"This paper shows that chemogenetic activation of CaMKIIα-positive neurons in ventral hippocampus alters depression- and anxiety-like behavior and monoamine levels in a Parkinsonian rat model, without addressing hippocampal representations, multisensory integration, or state inference."
2026-08-28 12:22,no,Hypometabolism induces silent memory engrams via hyperpolarization-disrupted replay-mediated consolidation,Research Square,https://doi.org/10.21203/rs.3.rs-9408501/v1,2026-04-16,20,20,20,"The paper appears to focus on metabolic and cellular mechanisms of memory engram formation and replay disruption, with only indirect relevance to questions about what hippocampal/MTL activity represents or how states are inferred from sensory evidence."
2026-08-28 12:22,no,Memory and Trauma: The Influence of the Hippocampus on Phobias and Panic (EN),Zenodo (CERN European Organization for Nuclear Research),https://doi.org/10.5281/zenodo.19575253,2026-04-14,20,20,20,"This is a clinical/psychological meta-analysis on how hippocampal memory processes relate to phobias and panic, without addressing representational content, multisensory integration, or formal state inference/belief-updating mechanisms."
2026-08-28 12:22,no,Memory and Trauma: The Influence of the Hippocampus on Phobias and Panic (ES),Zenodo (CERN European Organization for Nuclear Research),https://doi.org/10.5281/zenodo.19575183,2026-04-14,20,20,20,"This is a clinical/psychological meta-analysis on how hippocampal memory processes relate to phobias and panic, without addressing representational content, multisensory integration, or formal state inference/belief-updating mechanisms."
2026-08-28 12:22,no,Memory and Trauma: The Influence of the Hippocampus on Phobias and Panic (IT),Zenodo (CERN European Organization for Nuclear Research),https://doi.org/10.5281/zenodo.19575450,2026-04-14,20,20,20,"This is a clinical/psychological meta-analysis on how hippocampal memory processes relate to phobias and panic, not an investigation of hippocampal/MTL representations, multisensory integration, or formal state inference/belief updating."
2026-08-28 12:22,no,Memory and Trauma: The Influence of the Hippocampus on Phobias and Panic (SL),Zenodo (CERN European Organization for Nuclear Research),https://doi.org/10.5281/zenodo.19576412,2026-04-14,20,20,20,"This is a clinical/psychological meta-analysis on how hippocampal memory processes relate to phobias and panic, not on hippocampal/MTL representations, multisensory integration, or formal state inference mechanisms."
2026-08-28 12:22,no,Memory and Trauma: The Influence of the Hippocampus on Phobias and Panic (ET),Zenodo (CERN European Organization for Nuclear Research),https://doi.org/10.5281/zenodo.19576486,2026-04-14,20,20,20,"This is a clinical/psychological meta-analysis on how hippocampal memory processes relate to trauma, phobias, and panic, without addressing representational content, multisensory integration, or formal state inference/belief-updating mechanisms."
2026-08-28 12:22,no,Memory and Trauma: The Influence of the Hippocampus on Phobias and Panic (GA),Zenodo (CERN European Organization for Nuclear Research),https://doi.org/10.5281/zenodo.19576536,2026-04-14,20,20,20,"This is a clinical/psychological meta-analysis on how hippocampal memory processes relate to phobias and panic, not on hippocampal/MTL representations, multisensory integration, or formal state inference mechanisms."
2026-08-28 12:22,no,Memory and Trauma: The Influence of the Hippocampus on Phobias and Panic (PT),Zenodo (CERN European Organization for Nuclear Research),https://doi.org/10.5281/zenodo.19575519,2026-04-14,20,20,20,"This is a clinical/meta-analytic discussion of how hippocampal memory processes relate to phobias and panic, not an investigation of hippocampal/MTL representations, multisensory integration, or formal state inference/belief updating mechanisms."
2026-08-28 12:22,no,Memory and Trauma: The Influence of the Hippocampus on Phobias and Panic (EL),Zenodo (CERN European Organization for Nuclear Research),https://doi.org/10.5281/zenodo.19576639,2026-04-14,20,20,20,"This is a clinical/meta-analytic discussion of how hippocampal memory processes relate to phobias and panic, without addressing representational content, multisensory integration, or formal state inference/belief-updating mechanisms."
2026-08-28 12:22,no,Memory and Trauma: The Influence of the Hippocampus on Phobias and Panic (KO),Zenodo (CERN European Organization for Nuclear Research),https://doi.org/10.5281/zenodo.19576828,2026-04-14,20,20,20,"This is a clinical/psychological meta-analysis on how hippocampal memory processes relate to phobias and panic, not an investigation of hippocampal/MTL representations, multisensory integration, or formal state inference/belief updating mechanisms."
2026-08-28 12:22,no,Memory and Trauma: The Influence of the Hippocampus on Phobias and Panic (FI),Zenodo (CERN European Organization for Nuclear Research),https://doi.org/10.5281/zenodo.19576057,2026-04-14,20,20,20,"This is a clinical/meta-analytic discussion of how hippocampal memory processes relate to phobias and panic, not an investigation of hippocampal/MTL representations, multisensory integration, or formal state inference/belief updating mechanisms."
2026-08-28 12:22,no,Memory and Trauma: The Influence of the Hippocampus on Phobias and Panic (CS),Zenodo (CERN European Organization for Nuclear Research),https://doi.org/10.5281/zenodo.19575821,2026-04-14,20,20,20,"This is a clinical/psychological meta-analysis on how hippocampal memory processes relate to phobias and panic, without addressing representational content, multisensory integration, or formal state inference/belief-updating mechanisms."
2026-08-28 12:22,no,Memory and Trauma: The Influence of the Hippocampus on Phobias and Panic (BG),Zenodo (CERN European Organization for Nuclear Research),https://doi.org/10.5281/zenodo.19576175,2026-04-14,20,20,20,"This is a clinical/meta-analytic discussion of how hippocampal memory processes relate to phobias and panic, without addressing representational content, multisensory integration, or formal state inference/belief-updating mechanisms."
2026-08-28 12:22,no,Memory and Trauma: The Influence of the Hippocampus on Phobias and Panic (JA),Zenodo (CERN European Organization for Nuclear Research),https://doi.org/10.5281/zenodo.19576849,2026-04-14,20,20,20,"This is a clinical/psychological meta-analysis on how hippocampal memory processes relate to phobias and panic, without addressing representational content, multisensory integration, or formal state inference/belief-updating mechanisms."
2026-08-28 12:22,no,Memory and Trauma: The Influence of the Hippocampus on Phobias and Panic (RO),Zenodo (CERN European Organization for Nuclear Research),https://doi.org/10.5281/zenodo.19575933,2026-04-14,20,20,20,"This is a clinical/psychological meta-analysis on how hippocampal memory processes relate to phobias and panic, without addressing representational content, multisensory integration, or formal state inference/belief-updating mechanisms."
2026-08-28 12:22,no,Memory and Trauma: The Influence of the Hippocampus on Phobias and Panic (ZH),Zenodo (CERN European Organization for Nuclear Research),https://doi.org/10.5281/zenodo.19576725,2026-04-14,20,20,20,"This is a clinical/meta-analytic discussion of how hippocampal memory processes relate to phobias and panic, not an investigation of hippocampal/MTL representations, multisensory integration, or formal state inference/belief updating mechanisms."
2026-08-28 12:22,no,Memory and Trauma: The Influence of the Hippocampus on Phobias and Panic (SV),Zenodo (CERN European Organization for Nuclear Research),https://doi.org/10.5281/zenodo.19575748,2026-04-14,20,20,20,"This is a clinical/psychological meta-analysis on how hippocampal memory processes relate to phobias and panic, not on hippocampal/MTL representations, multisensory integration, or formal state inference mechanisms."
2026-08-28 12:22,no,Memory and Trauma: The Influence of the Hippocampus on Phobias and Panic (AR),Zenodo (CERN European Organization for Nuclear Research),https://doi.org/10.5281/zenodo.19576888,2026-04-14,20,20,20,"This is a clinical/psychological meta-analysis on how hippocampal memory processes relate to phobias and panic, without addressing representational content, multisensory integration, or formal state inference/belief-updating mechanisms."
2026-08-28 12:22,no,Memory and Trauma: The Influence of the Hippocampus on Phobias and Panic (MS),Zenodo (CERN European Organization for Nuclear Research),https://doi.org/10.5281/zenodo.19576771,2026-04-14,20,20,20,"This is a clinical/meta-analytic discussion of how hippocampal memory processes relate to phobias and panic, not an investigation of hippocampal/MTL representations, multisensory integration, or formal state inference/belief updating mechanisms."
2026-08-28 12:22,no,Memory and Trauma: The Influence of the Hippocampus on Phobias and Panic (DA),Zenodo (CERN European Organization for Nuclear Research),https://doi.org/10.5281/zenodo.19576006,2026-04-14,20,20,20,"This is a clinical/psychological meta-analysis on how hippocampal memory processes relate to phobias and panic, not an investigation of hippocampal/MTL representations, multisensory integration, or formal state inference/belief updating mechanisms."
2026-08-28 12:22,no,Memory and Trauma: The Influence of the Hippocampus on Phobias and Panic (ID),Zenodo (CERN European Organization for Nuclear Research),https://doi.org/10.5281/zenodo.19576797,2026-04-14,20,20,20,"This is a clinical/psychological meta-analysis on how hippocampal memory processes relate to phobias and panic, not on hippocampal/MTL representations, multisensory integration, or formal state inference mechanisms."
2026-08-28 12:22,no,Naringin Reverses Chronic Stress-Induced Cognitive Deficits and Enhances Hippocampal Neuroplasticity in Mice,Journal of Neuroimmune Pharmacology,https://doi.org/10.1007/s11481-026-10281-2,2026-04-13,20,20,20,"This paper examines how the flavonoid naringin mitigates stress-induced cognitive deficits and alters hippocampal neuroplasticity in mice, focusing on molecular/cellular and behavioral rescue rather than representational content, multisensory integration, or state inference mechanisms."
2026-08-28 12:22,no,Early dorsal hippocampal catecholaminergic vulnerability is associated with sex-specific susceptibility to proactive interference in APP/PS1 mice,Behavioural Brain Research,https://doi.org/10.1016/j.bbr.2026.116208,2026-04-11,20,20,20,"This appears to be an Alzheimer’s-model mouse study linking early dorsal hippocampal catecholaminergic vulnerability to sex-specific susceptibility to proactive interference, focusing on disease-related vulnerability rather than on representational content, multisensory integration, or formal state "
2026-08-28 12:22,no,Primary cilia mediate stress vulnerability and exercise-induced antidepressant adaptation: evidence for ventral hippocampal astrocytic ciliary remodeling,Journal of Applied Physiology,https://doi.org/10.1152/japplphysiol.00091.2026,2026-04-10,20,20,20,"This paper examines molecular and cellular astrocytic cilia changes in ventral hippocampus related to stress vulnerability and exercise-induced antidepressant effects, without addressing hippocampal/MTL representations, multisensory integration, or state inference/belief updating."
2026-08-28 12:22,no,Aberrant hippocampal-cortical connectivity and network coupling in facial emotion recognition-based subtypes of depression,Journal of Affective Disorders,https://doi.org/10.1016/j.jad.2026.121770,2026-04-09,20,20,20,"This is a clinical resting-state connectivity study in depression using facial emotion recognition performance, showing altered hippocampal-cortical network coupling across behavioral subgroups, without addressing hippocampal/MTL representations, multisensory integration, or state inference mechanis"
2026-08-28 12:22,no,Acute exposure of mouse and human hippocampal slices to tau oligomers reversibly impairs sharp-wave ripples,bioRxiv (Cold Spring Harbor Laboratory),https://doi.org/10.64898/2026.04.05.716545,2026-04-07,20,20,20,"This paper shows that acute application of tau oligomers in mouse and human hippocampal slices alters basic sharp-wave ripple properties, in a disease/physiology context, without addressing what hippocampal activity represents, multisensory integration, or state inference."
2026-08-28 12:22,no,Systemic irisin treatment modulates cognitive function through VEGF-associated hippocampal vascular signaling in chronic cerebral hypoperfusion,Neuropeptides,https://doi.org/10.1016/j.npep.2026.102613,2026-04-03,20,20,20,"This paper shows that systemic irisin treatment in a rat chronic hypoperfusion model modestly improves Morris Water Maze performance and increases VEGF-positive vascular profiles in the hippocampus, linking a vascular/molecular intervention to gross spatial memory measures rather than to specific hi"
2026-08-28 12:22,no,Resting-State Functional Connectivity of the Amygdala and Hippocampus in PTSD: Results From the PGC-ENIGMA PTSD Working Group,American Journal of Psychiatry,https://doi.org/10.1176/appi.ajp.20250062,2026-04-02,20,20,20,"This large clinical resting-state fMRI study shows altered baseline functional connectivity between amygdala, hippocampus, and visual cortex in PTSD, without addressing what hippocampal/MTL activity represents, multisensory integration, or state inference mechanisms."
2026-08-28 12:22,no,Gut microbial metabolism via hippocampal indole-AhR signaling regulates emotional symptoms,Cell Metabolism,https://doi.org/10.1016/j.cmet.2026.03.003,2026-04-01,20,20,20,"This paper shows that gut microbiota–derived indole modulates affective behavior via hippocampal (ventral dentate gyrus) AhR signaling, focusing on molecular and emotional regulation rather than hippocampal representations, multisensory integration, or state inference."
2026-08-28 12:22,no,Progressive modeling of multiscale hippocampal subfield structural representation improves the prediction performance of mild cognitive impairment in type 2 diabetes,European Archives of Psychiatry and Clinical Neuroscience,https://doi.org/10.1007/s00406-026-02224-y,2026-04-01,20,20,20,"This is a clinical/structural MRI study using multiscale hippocampal subfield morphology to predict mild cognitive impairment in type 2 diabetes, without addressing what hippocampal activity represents, multisensory integration, or state inference mechanisms."
2026-08-28 12:22,no,Understanding Zebrafish predation on microplastics: The impact of multimodal sensory cues,Journal of Cleaner Production,https://doi.org/10.1016/j.jclepro.2026.148330,2026-04-25,56,5,20,"This paper studies how zebrafish use visual and olfactory cues to modulate predation on microplastics, without any investigation of hippocampal/MTL representations, neural state inference, or belief updating mechanisms."
2026-08-28 12:22,no,Adenosine surges: A step forward in understanding antidepressant actions of ketamine,Molecular Psychiatry,https://doi.org/10.1038/s41380-026-03594-4,2026-04-08,56,5,20,"This paper examines molecular and purinergic mechanisms underlying ketamine’s antidepressant effects, not hippocampal/MTL representations, multisensory integration, or neural state inference."
2026-08-28 12:22,no,BDNF and IL-33 Dynamics in an Ultrasound Stress Model of Fibromyalgia-like Phenotypes,International Journal of Molecular Sciences,https://doi.org/10.3390/ijms27094051,2026-04-30,55,5,20,"This paper uses an ultrasound stress model in mice to study strain-dependent changes in pain sensitivity, behavior, and molecular markers (BDNF, IL-33, glucocorticoids), without addressing hippocampal/MTL representations, multisensory integration, or neural state inference/belief updating."
2026-08-28 12:22,no,Recent Advances in Amblyopia Management,TNOA Journal of Ophthalmic Science and Research,https://doi.org/10.4103/tjosr.tjosr_224_25,2026-04-01,54,5,20,"This is a clinical review on diagnosis and treatment of amblyopia and critical periods in visual development, without addressing hippocampal/MTL representations, multisensory integration, or neural mechanisms of state inference or belief updating."
2026-08-28 12:22,no,Acquired pharmacoresistance in temporal lobe epilepsy is driven by Nav1.6-mediated subicular hyperexcitability,Acta Pharmaceutica Sinica B,https://doi.org/10.1016/j.apsb.2026.04.011,2026-04-19,41,10,19,"This paper shows that upregulation of Nav1.6 in subicular pyramidal neurons causes hyperexcitability that drives acquired pharmacoresistance to anti-seizure medications in a temporal lobe epilepsy model, without addressing cognitive representations, multisensory integration, or state inference."
2026-08-28 12:22,no,Maternal Acrylamide Exposure Modulates Parvalbumin-Positive Interneurons in the Subiculum and Hippocampus of Rat Offspring,Biomolecules,https://doi.org/10.3390/biom16050630,2026-04-23,40,10,19,"This developmental toxicology study reports acrylamide-induced changes in parvalbumin-positive interneuron density and morphology in hippocampal/subicular regions, without addressing representations, multisensory integration, or state inference."
2026-08-28 12:22,no,Vertical Digitation of the Hippocampus: An Intraventricular Landmark for Amygdalohippocampectomies,Operative Neurosurgery,https://doi.org/10.1227/ons.0000000000002023,2026-04-23,40,10,19,"This is a neurosurgical/anatomical technical note on using the vertical digitation of the hippocampus as a landmark for amygdalohippocampectomy, with no investigation of hippocampal representations, multisensory integration, or state inference."
2026-08-28 12:22,no,The single-nucleus RNA sequencingq of AAV-Aβ42 injected hippocampus of macaca fascicularis,ScienceDB,https://doi.org/10.57760/sciencedb.j00139.00284,2026-04-17,39,10,19,"This is a molecular/cellular single-nucleus RNA-seq study of AAV-Aβ42 effects in monkey hippocampus, focused on gene expression changes rather than neural representations, multisensory integration, or state inference."
2026-08-28 12:22,no,Effects of paracetamol and stress on morphology and gene expression in the rat hippocampus,Hygiene and Sanitation,https://doi.org/10.47470/0016-9900-2026-105-3-314-320,2026-04-17,39,10,19,"This paper examines how chronic stress and paracetamol affect hippocampal morphology and antioxidant/neurotrophic gene expression in rats, without addressing hippocampal representations, multisensory integration, or state inference/belief updating."
2026-08-28 12:22,no,"Glial Progenitor Cell Therapy Improves Mitochondrial Function in the Hippocampus of 5xFAD Mice, but Does Not Restore the Multiscale Structure of Behavioral Stress Response",Molecular Biology,https://doi.org/10.1134/s0026893325700748,2026-04-01,39,10,19,"This is a disease-focused, cellular/mitochondrial study in an Alzheimer’s mouse model using glial progenitor cell therapy, with no analysis of hippocampal representations, multisensory integration, or state inference/belief updating."
2026-08-28 12:22,no,"Frequency-dependent modulation of human reward circuitry: A comparative study of theta, gamma, and high-frequency temporal interference",NeuroImage,https://doi.org/10.1016/j.neuroimage.2026.121913,2026-04-09,28,15,19,"This paper shows that noninvasive temporal interference stimulation at 130 Hz selectively reduces resting-state functional connectivity between nucleus accumbens and medial prefrontal cortex without clear local NAc activity changes, which is largely unrelated to hippocampal/MTL representations or st"
2026-08-28 12:22,no,Hippocampal TRAP1 Overexpression Mitigates Hypoxia-Evoked Learning and Memory Impairments via MERCS * major project of the National Natural Science Foundation of China （82130054）,Research Square,https://doi.org/10.21203/rs.3.rs-9067186/v1,2026-04-21,20,18,19,"This paper examines molecular/mitochondrial mechanisms (TRAP1, MERCS) underlying hypoxia-induced learning and memory impairments in hippocampus, not representational content, multisensory integration, or state inference."
2026-08-28 12:22,no,Yueju pill exerts long-lasting antidepressant effects through PACAP-mediated NG2 signaling and enhance hippocampal synaptic proteins,Journal of Ethnopharmacology,https://doi.org/10.1016/j.jep.2026.121682,2026-04-13,20,18,19,"This paper examines molecular and signaling mechanisms (PACAP–NG2 pathway, synaptic proteins) underlying antidepressant effects of a traditional medicine in hippocampus, without addressing what hippocampal/MTL activity represents, multisensory integration, or state inference/belief updating at the c"
2026-08-28 12:22,no,MALADAPTIVE HIPPOCAMPAL PLASTICITY IN PRECLINICNAL CHRONIC OSTEOARTHRITIS PAIN,Osteoarthritis and Cartilage,https://doi.org/10.1016/j.joca.2026.01.537,2026-04-01,20,18,19,"This paper likely examines synaptic or circuit-level plasticity changes in hippocampus related to chronic osteoarthritis pain, with a disease-focused and molecular/cellular emphasis rather than on cognitive hippocampal representations, multisensory integration, or state inference."
2026-08-28 12:22,no,33 Ultrastructural neurovascular alterations in hippocampus induced by environmentally relevant particle exposure revealed by multi-modal imaging,Annals of Work Exposures and Health,https://doi.org/10.1093/annweh/wxag024.021,2026-04-30,38,10,18,"This paper uses multi-modal imaging to show diesel exhaust particle exposure causes ultrastructural blood–brain barrier and neurovascular damage in hippocampus, without addressing hippocampal representations, multisensory integration, or state inference."
2026-08-28 12:22,no,Progress in the mechanism of neuronal surface P antigen modulating hippocampal function and implications for autoimmune brain disease: Erratum,Current Opinion in Neurology,https://doi.org/10.1097/wco.0000000000001499,2026-04-29,38,10,18,"This erratum concerns molecular mechanisms of a neuronal surface antigen and autoimmune brain disease, not hippocampal representations, multisensory integration, or state inference."
2026-08-28 12:22,no,EFFECT OF GLUCOCORTICOID SIGNALING ON STRUCTURAL AND MOLECULAR CHANGES IN THE HIPPOCAMPUS AFTER FOCAL BRAIN INJURIES.,Unknown,https://doi.org/10.29003/m5218.sudak.ns2026-22/206-207,2026-04-24,38,10,18,"This paper examines glucocorticoid-dependent molecular and structural changes in hippocampus after focal brain injury, without addressing hippocampal representations, multisensory integration, or state inference."
2026-08-28 12:22,no,Clec7a promotes hippocampal microglial activation in rats with status epilepticus via inducing the TLR4/MyD88/NF-κB signaling pathway,Cellular Signalling,https://doi.org/10.1016/j.cellsig.2026.112553,2026-04-21,38,10,18,"This paper examines molecular and cellular mechanisms of microglial activation and neuroinflammation in epileptic hippocampus, without addressing hippocampal/MTL representations, multisensory integration, or state inference/belief updating."
2026-08-28 12:22,no,Quantifying emotion-dependent brain–eye interactions during audiovisual emotional stimulation,Frontiers in Systems Neuroscience,https://doi.org/10.3389/fnsys.2026.1744042,2026-04-15,33,10,17,"This paper analyzes emotion-dependent coupling between EEG rhythms and eye-movement (EOG) signals during audiovisual stimulation, without addressing hippocampal/MTL representations, multisensory integration for task state, or neural state inference/belief updating."
2026-08-28 12:22,no,Stage-specific ERP correlates of audiovisual facial emotion processing across depressive tendencies,Frontiers in Neuroscience,https://doi.org/10.3389/fnins.2026.1810368,2026-04-07,33,10,17,"This ERP study links early visual/audiovisual facial emotion components to depressive tendencies and does not address hippocampal/MTL representations, multisensory integration in MTL, or neural mechanisms of state inference/belief updating."
2026-08-28 12:22,no,BRD4 in Hippocampal cell promoted progression of depression via modulating ROS/JMJD3/Notch-1/PI3K/BDNF/TrkB signalings,European journal of medical research,https://doi.org/10.1186/s40001-026-04507-5,2026-04-30,30,10,16,"This is a molecular/cellular depression paper on BRD4-related signaling and oxidative stress in hippocampal cells and astrocytes, without addressing hippocampal/MTL representations, multisensory integration, or state inference/belief updating."
2026-08-28 12:22,no,Blood-derived microRNA signatures associated with hippocampal structure and atrophy rate: findings from the Rhineland Study,Molecular Psychiatry,https://doi.org/10.1038/s41380-026-03611-6,2026-04-24,30,10,16,"This is a molecular/clinical imaging-genetics study linking blood microRNA levels to hippocampal volume and atrophy, without addressing hippocampal representations, multisensory integration, or state inference/belief updating."
2026-08-28 12:22,no,Amyloid plaques associated with shift in patterns of hippocampal tau pathology in middle age,Journal of Alzheimer s Disease,https://doi.org/10.1177/13872877261443643,2026-04-23,30,10,16,"This study examines how amyloid plaques relate to regional patterns of tau pathology in hippocampal subfields (CA1 vs CA2) in middle age, without addressing neural representations, multisensory integration, or state inference."
2026-08-28 12:22,no,Comparative histologic analysis of hippocampal degeneration in postmortem male and female brain samples,Digital Commons - PCOM (Philadelphia College of Osteopathic Medicine),https://openalex.org/works/W7162914148,2026-04-17,30,10,16,"This paper provides a descriptive histological comparison of age-related hippocampal degeneration in two postmortem brains, without addressing neural representations, multisensory integration, or state inference/belief updating."
2026-08-28 12:22,no,MRI and manual segmentation of the hippocampus,Zenodo (CERN European Organization for Nuclear Research),https://doi.org/10.5281/zenodo.19452179,2026-04-07,30,10,16,"This work provides an MRI dataset and manual hippocampal segmentations for evaluating segmentation algorithms in limbic encephalitis, without addressing hippocampal representations, multisensory integration, or state inference."
2026-08-28 12:22,no,IL-33/ST2 deficiency induces depression-like behaviors through neuroinflammation in the medial prefrontal cortex and hippocampus,Neurochemistry International,https://doi.org/10.1016/j.neuint.2026.106165,2026-04-28,20,15,16,"This paper shows that IL-33/ST2 signaling deficiency drives microglia-mediated neuroinflammation in mPFC and dentate gyrus, leading to depression-like behaviors without affecting memory, rather than addressing hippocampal representations, multisensory integration, or state inference."
2026-08-28 12:22,no,Hippocampal volume loss in mesial temporal lobe epilepsy: Magnitude and laterality in a meta-analysis of MRI volumetry studies,Epilepsy & Behavior,https://doi.org/10.1016/j.yebeh.2026.111035,2026-04-09,20,15,16,"This meta-analysis quantifies structural hippocampal volume loss and its laterality in mesial temporal lobe epilepsy patients, without addressing what hippocampal activity represents, multisensory integration, or state inference mechanisms."
2026-08-28 12:22,no,Astrocytic glucose metabolism regulates the survival of newborn hippocampal neurons in the adult brain,Neuron,https://doi.org/10.1016/j.neuron.2026.03.021,2026-04-06,20,15,16,"This paper shows that astrocytic glucose uptake and lactate production/transport metabolically support the activity-dependent survival of newborn hippocampal neurons, without addressing hippocampal representations, multisensory integration, or state inference."
2026-08-28 12:22,no,Alterations in Amygdala and Hippocampal Volumes in Autism Spectrum Disorder: Meta-analysis,Journal of Autism and Developmental Disorders,https://doi.org/10.1007/s10803-026-07312-5,2026-04-02,20,15,16,"This meta-analysis quantifies structural volume differences in the amygdala and hippocampus in autism, focusing on clinical/anatomical alterations rather than what hippocampal/MTL activity represents, multisensory integration, or state inference computations."
2026-08-28 12:22,no,Transcriptional signatures and topological reorganization of morphometric similarity networks in temporal lobe epilepsy with unilateral hippocampal sclerosis,Epilepsia,https://doi.org/10.1002/epi.70223,2026-04-02,20,15,16,"This is a clinical imaging–genetics study of cortical morphometric similarity and transcriptomic correlates in temporal lobe epilepsy, not about hippocampal/MTL representations, multisensory integration, or state inference/belief updating."
2026-08-28 12:22,no,Loss of regional theta differentiation in TMS-EEG response marks network dysfunction in psychosis risk,Translational Psychiatry,https://doi.org/10.1038/s41398-026-04030-5,2026-04-10,18,15,16,"This TMS-EEG study in psychosis-risk individuals shows loss of regional differentiation of theta responses in frontoparietal cortex, with correlations to symptoms, and does not address hippocampal/MTL representations, multisensory integration, or state inference mechanisms."
2026-08-28 12:22,no,mTOR Activation Is Required for the Proliferation of Reactive Astrocytes in the Hippocampus During Traumatic Brain Injury,Biomolecules,https://doi.org/10.3390/biom16040555,2026-04-09,28,10,15,"This paper shows that traumatic brain injury induces transient proliferation of reactive astrocytes in hippocampus that depends on mTORC1 signaling, without addressing hippocampal representations, multisensory integration, or state inference."
2026-08-28 12:22,no,Insulin Growth Factor 1 affects glutamate receptor activity differently in primary cultures of neocortical versus hippocampal neurons,bioRxiv (Cold Spring Harbor Laboratory),https://doi.org/10.64898/2026.04.04.716504,2026-04-07,28,10,15,"This paper shows that IGF-1 differentially modulates glutamate receptor–mediated calcium responses in cultured hippocampal versus neocortical neurons at a receptor/cellular signaling level, without addressing representations, state inference, or multisensory integration."
2026-08-28 12:22,no,The Tale of the Residual Tail: Insights From Continuous Intracranial Monitoring From Post‐Hippocampectomy Dynamics,Annals of Clinical and Translational Neurology,https://doi.org/10.1002/acn3.70413,2026-04-23,28,10,15,"This is a single-case clinical epilepsy report using RNS to track postoperative seizure dynamics in residual hippocampal tissue, without addressing hippocampal representations, multisensory integration, or state inference/belief updating."
2026-08-28 12:22,no,Bmal1 regulates hippocampal oxidative damage in cognitive memory impairment induced by artificial light at night in mice,Journal of Photochemistry and Photobiology B Biology,https://doi.org/10.1016/j.jphotobiol.2026.113456,2026-04-30,20,10,13,"This is a molecular/circadian study of Bmal1’s role in oxidative damage and memory impairment from artificial light at night, not about hippocampal representations, multisensory integration, or state inference."
2026-08-28 12:22,no,Abnormal FKN-CX3CR1-NR signal triggers hippocampal synaptic dysfunction in rheumatoid arthritis-related depression,International Immunopharmacology,https://doi.org/10.1016/j.intimp.2026.116693,2026-04-30,20,10,13,"This is a molecular disease-focused study on fractalkine signaling and synaptic dysfunction in rheumatoid arthritis-related depression, not about hippocampal/MTL representations, multisensory integration, or state inference."
2026-08-28 12:22,no,"Single nucleus RNA-sequencing of human postmortem hippocampus, middle frontal gyrus, and substantia nigra",Zenodo (CERN European Organization for Nuclear Research),https://doi.org/10.5281/zenodo.19936443,2026-04-30,20,10,13,"This work provides single-nucleus RNA-seq transcriptomic data from human hippocampus and other regions in Parkinson’s disease and controls, focusing on gene-expression metadata rather than neural representations, multisensory integration, or state inference."
2026-08-28 12:22,no,Astrocyte-Dependent Neuroinflammation Triggers Hippocampal Neuronal Apoptosis through the TLR4/NF-κB/NLRP3 Axis in Hepatic Encephalopathy,Research Square,https://doi.org/10.21203/rs.3.rs-9288348/v1,2026-04-30,20,10,13,"This is a molecular/cellular disease-focused study on astrocyte-mediated neuroinflammation and apoptosis in hepatic encephalopathy, not on hippocampal representations, multisensory integration, or state inference."
2026-08-28 12:22,no,Do Symptom Domains Have Similar Cellular Underpinnings Across Psychiatric Diagnoses: Evidence from 3D Hippocampal MR Spectroscopy,bioRxiv (Cold Spring Harbor Laboratory),https://doi.org/10.64898/2026.04.27.721016,2026-04-29,20,10,13,"This clinical MRSI study links hippocampal metabolite levels to psychiatric symptom domains, without addressing what hippocampal/MTL activity represents, multisensory integration, or state inference/belief updating."
2026-08-28 12:22,no,Eleutheroside B alleviates LPS-induced depressive-like behaviors by suppressing the TLR4/MyD88/NF-κB signaling pathway in the dentate gyrus,International Immunopharmacology,https://doi.org/10.1016/j.intimp.2026.116727,2026-04-26,20,10,13,"This paper shows that Eleutheroside B reduces LPS-induced depressive-like behavior by suppressing inflammatory signaling (TLR4/MyD88/NF-κB) and microglial activation in the dentate gyrus, without addressing hippocampal representations, multisensory integration, or state inference."
2026-08-28 12:22,no,Yueju pill exerts rapid antidepressant effects via sequential activation of hippocampal GLP-1 receptor and PACAP signaling in mice,Journal of Ethnopharmacology,https://doi.org/10.1016/j.jep.2026.121767,2026-04-23,20,10,13,"This is a molecular/behavioral antidepressant study focusing on GLP-1R and PACAP signaling in hippocampus, without addressing hippocampal representations, multisensory integration, or state inference/belief updating."
2026-08-28 12:22,no,MRI-based machine learning model to distinguish hippocampal sclerosis (HS) ILAE type 1 and no HS gliosis only in medial temporal lobe epilepsy,Epilepsy Research,https://doi.org/10.1016/j.eplepsyres.2026.107801,2026-04-21,20,10,13,"This paper develops an MRI-based random forest classifier to distinguish histopathological subtypes of hippocampal sclerosis in medial temporal lobe epilepsy patients, without addressing what hippocampal/MTL activity represents or how states are inferred."
2026-08-28 12:22,no,Additional file 1 of The adhesion GPCR ADGRV1 controls glutamate homeostasis in hippocampal astrocytes supporting neurons,Figshare,https://doi.org/10.6084/m9.figshare.32082170,2026-04-19,20,10,13,"This supplementary file concerns molecular and cellular mechanisms of an adhesion GPCR (ADGRV1) in hippocampal astrocytes and glutamate homeostasis, not hippocampal/MTL representations, multisensory integration, or state inference/belief updating."
2026-08-28 12:22,no,"Additional file 10 of Genome-wide mapping of stress-responsive lncRNA, uc.104, reveals the chromatin-mediated regulation of stress and plasticity-related genes in the hippocampus of chronic restraint rats",Figshare,https://doi.org/10.6084/m9.figshare.32494644,2026-04-19,20,10,13,"This supplementary file concerns genome-wide mapping of a stress-responsive lncRNA and chromatin-mediated regulation of gene expression in hippocampus, focusing on molecular stress/plasticity mechanisms rather than neural representations, multisensory integration, or state inference."
2026-08-28 12:22,no,"Additional file 9 of Genome-wide mapping of stress-responsive lncRNA, uc.104, reveals the chromatin-mediated regulation of stress and plasticity-related genes in the hippocampus of chronic restraint rats",Figshare,https://doi.org/10.6084/m9.figshare.32494641.v1,2026-04-19,20,10,13,"This supplementary file concerns genome-wide mapping of a stress-responsive lncRNA and chromatin-mediated regulation of gene expression in rat hippocampus, focusing on molecular stress/plasticity mechanisms rather than neural representations, multisensory integration, or state inference."
2026-08-28 12:22,no,"Additional file 5 of Genome-wide mapping of stress-responsive lncRNA, uc.104, reveals the chromatin-mediated regulation of stress and plasticity-related genes in the hippocampus of chronic restraint rats",Figshare,https://doi.org/10.6084/m9.figshare.32494629.v1,2026-04-19,20,10,13,"This supplementary file concerns genome-wide mapping of a stress-responsive lncRNA and chromatin-mediated regulation of gene expression in rat hippocampus, focusing on molecular stress/plasticity mechanisms rather than neural representations, multisensory integration, or state inference."
2026-08-28 12:22,no,"Additional file 8 of Genome-wide mapping of stress-responsive lncRNA, uc.104, reveals the chromatin-mediated regulation of stress and plasticity-related genes in the hippocampus of chronic restraint rats",Figshare,https://doi.org/10.6084/m9.figshare.32494638.v1,2026-04-19,20,10,13,"This supplementary file concerns genome-wide mapping of a stress-responsive lncRNA and chromatin-mediated regulation of gene expression in hippocampus, focusing on molecular mechanisms rather than neural representations, multisensory integration, or state inference."
2026-08-28 12:22,no,"Additional file 4 of Genome-wide mapping of stress-responsive lncRNA, uc.104, reveals the chromatin-mediated regulation of stress and plasticity-related genes in the hippocampus of chronic restraint rats",Figshare,https://doi.org/10.6084/m9.figshare.32494626,2026-04-19,20,10,13,"This supplementary file concerns genome-wide mapping of a stress-responsive lncRNA and its chromatin-mediated regulation of gene expression in hippocampus, focusing on molecular stress/plasticity mechanisms rather than neural representations, multisensory integration, or state inference."
2026-08-28 12:22,no,"Additional file 3 of Genome-wide mapping of stress-responsive lncRNA, uc.104, reveals the chromatin-mediated regulation of stress and plasticity-related genes in the hippocampus of chronic restraint rats",Figshare,https://doi.org/10.6084/m9.figshare.32494623,2026-04-19,20,10,13,"This supplementary file concerns genome-wide mapping of a stress-responsive lncRNA and chromatin-mediated gene regulation in rat hippocampus, focusing on molecular stress/plasticity mechanisms rather than neural representations, multisensory integration, or state inference."
2026-08-28 12:22,no,"Additional file 2 of Genome-wide mapping of stress-responsive lncRNA, uc.104, reveals the chromatin-mediated regulation of stress and plasticity-related genes in the hippocampus of chronic restraint rats",Figshare,https://doi.org/10.6084/m9.figshare.32494620.v1,2026-04-19,20,10,13,"This supplementary file reports genomic annotation of ChIRP-seq peaks for a stress-responsive lncRNA in rat hippocampus, focusing on chromatin-level gene regulation rather than neural representations, multisensory integration, or state inference."
2026-08-28 12:22,no,"Additional file 7 of Genome-wide mapping of stress-responsive lncRNA, uc.104, reveals the chromatin-mediated regulation of stress and plasticity-related genes in the hippocampus of chronic restraint rats",Figshare,https://doi.org/10.6084/m9.figshare.32494635.v1,2026-04-19,20,10,13,"This supplementary file concerns genome-wide mapping of a stress-responsive lncRNA and chromatin-mediated regulation of gene expression in hippocampus, focusing on molecular stress/plasticity mechanisms rather than neural representations, multisensory integration, or state inference."
2026-08-28 12:22,no,"Additional file 6 of Genome-wide mapping of stress-responsive lncRNA, uc.104, reveals the chromatin-mediated regulation of stress and plasticity-related genes in the hippocampus of chronic restraint rats",Figshare,https://doi.org/10.6084/m9.figshare.32494632.v1,2026-04-19,20,10,13,"This supplementary file concerns genome-wide mapping of a stress-responsive lncRNA and chromatin-mediated regulation of gene expression in hippocampus, focusing on molecular mechanisms rather than neural representations, multisensory integration, or state inference."
2026-08-28 12:22,no,"Additional file 11 of Genome-wide mapping of stress-responsive lncRNA, uc.104, reveals the chromatin-mediated regulation of stress and plasticity-related genes in the hippocampus of chronic restraint rats",Figshare,https://doi.org/10.6084/m9.figshare.32494647,2026-04-19,20,10,13,"This supplementary file concerns genome-wide mapping of a stress-responsive lncRNA and its chromatin-mediated regulation of gene expression in hippocampus, focusing on molecular stress/plasticity mechanisms rather than hippocampal representations, multisensory integration, or state inference."
2026-08-28 12:22,no,Neto2 Phosphorylation Promotes Neuronal Loss in KA-Induced Epileptic Rat Hippocampus by Upregulating the Interaction with GluK2,Neurochemical Research,https://doi.org/10.1007/s11064-026-04754-2,2026-04-17,20,10,13,"Shows that phosphorylation of the Neto2 protein in epileptic rat hippocampus increases its interaction with GluK2 and promotes neuronal loss, focusing on molecular mechanisms of epilepsy rather than hippocampal representations or state inference."
2026-08-28 12:22,no,Bacopa monnieri confers neuroprotection against middle cerebral artery occlusion (MCAO)-induced neurobehavioral and biochemical dysregulation in the frontal cortex and hippocampus of male Wistar rats,Journal of Ethnopharmacology,https://doi.org/10.1016/j.jep.2026.121690,2026-04-15,20,10,13,"This is an ischemia/neuroprotection pharmacology study in rats (Bacopa effects on MCAO-induced damage and oxidative stress), not about hippocampal/MTL representations, multisensory integration, or state inference/belief updating."
2026-08-28 12:22,no,Video 12. DETECT and AQuA2 comparison in miniscope calcium imaging of hippocampal astrocytes.,Zenodo (CERN European Organization for Nuclear Research),https://doi.org/10.5281/zenodo.19596966,2026-04-15,20,10,13,"This is a methods comparison video for astrocytic calcium event-detection algorithms in miniscope recordings, without addressing hippocampal/MTL representations, multisensory integration, or state inference/belief updating."
2026-08-28 12:22,no,Severity-dependent proteomic alterations in the rat hippocampus following pilocarpine-induced status epilepticus,Molecular and Cellular Neuroscience,https://doi.org/10.1016/j.mcn.2026.104092,2026-04-11,20,10,13,"This paper uses proteomics to characterize severity-dependent molecular changes in rat hippocampus after pilocarpine-induced status epilepticus, without addressing hippocampal representations, multisensory integration, or state inference at the systems/cognitive level."
2026-08-28 12:22,no,Hippocampal HDAC7 induces perioperative neurocognitive disorders via an NF-κB-MFN2-ACSL4 ferroptosis pathway,Cellular Signalling,https://doi.org/10.1016/j.cellsig.2026.112531,2026-04-08,20,10,13,"This paper examines molecular and cellular mechanisms (HDAC7–NF-κB–MFN2–ACSL4 pathway and ferroptosis) underlying perioperative neurocognitive disorders in hippocampal CA3, without addressing what hippocampal/MTL activity represents, multisensory integration, or state inference/belief updating."
2026-08-28 12:22,no,Comparative Evaluation of Five Hippocampal Segmentation Algorithms in Limbic Encephalitis: Addressing Inflammation and Atrophy Challenges,Unknown,https://doi.org/10.1109/isbi61048.2026.11515346,2026-04-08,20,10,13,"This paper benchmarks automated hippocampal MRI segmentation tools in limbic encephalitis patients and controls, focusing on volumetric accuracy and robustness rather than hippocampal representations, multisensory integration, or state inference."
2026-08-28 12:22,no,The ups and downs of BDNF signaling in the ventral hippocampus: Implications for the anxiolytic and anxiogenic actions of alcohol,Alcohol,https://doi.org/10.1016/j.alcohol.2026.01.061,2026-04-07,20,10,13,"This paper examines molecular BDNF signaling in ventral hippocampus related to alcohol’s anxiolytic/anxiogenic effects, not hippocampal representations, multisensory integration, or state inference."
2026-08-28 12:22,no,Correction to “Dysregulation of Rho‐Associated Coiled‐Coil Protein Kinase1 Depletes Neural Stem Cell Pool and Impairs Hippocampal Neurogenesis After Traumatic Brain Injury”,Cell Proliferation,https://doi.org/10.1111/cpr.70206,2026-04-07,20,10,13,"This paper shows that after TBI, dysregulated ROCK1–AKT signaling in hippocampal neural stem cells causes their hyperactivation, depletion, and impaired neurogenesis, and that ROCK1 inhibition rescues these cellular and cognitive deficits."
2026-08-28 12:22,no,Expression of concern: “Effect of perioperative preemptive analgesia on hippocampal GABAA receptor α1/α5 balance in aged mild cognitive impairment rats” [Brain Res. Bull. 237 (2026) 111811],Brain Research Bulletin,https://doi.org/10.1016/j.brainresbull.2026.111864,2026-04-06,20,10,13,"This is a molecular/clinical-style study on how preemptive analgesia affects hippocampal GABAA receptor subunit balance in aged MCI-model rats, not on hippocampal representations, multisensory integration, or state inference."
2026-08-28 12:22,no,AICAR improves depression-like behaviors and is associated with hippocampal AMPK activation and modulation of neurogenesis and neuroinflammation in a microbiota disruption model,Neurochemistry International,https://doi.org/10.1016/j.neuint.2026.106152,2026-04-01,20,10,13,"This paper shows that pharmacological activation of AMPK with AICAR reverses antibiotic-induced depression-like behavior via changes in hippocampal neurogenesis and neuroinflammation, without addressing hippocampal/MTL representations, multisensory integration, or state inference/belief updating."
2026-08-28 12:22,no,Ginsenoside Rg2 Targeting PDHE1 α to Improve High Glucose-Induced Hippocampal Neuronal Damage Based on CETSA Experiment,Chinese Journal of Integrative Medicine,https://doi.org/10.1007/s11655-026-3946-x,2026-04-01,20,10,13,"This is a molecular neuroprotection study on how ginsenoside Rg2 affects PDHE1α and high-glucose-induced hippocampal neuronal damage, not about hippocampal representations, multisensory integration, or state inference."
2026-08-28 12:22,no,Ablation of the choroid plexus attenuates hydrocephalus induced parenchymal edema but moderately reduces postnatal hippocampal neurogenesis,bioRxiv (Cold Spring Harbor Laboratory),https://doi.org/10.64898/2026.03.30.714236,2026-04-01,20,10,13,"This paper uses genetic and viral tools to ablate choroid plexus, manipulate CSF volume, and assess effects on hydrocephalus and postnatal hippocampal neurogenesis, without addressing hippocampal representations, multisensory integration, or state inference/belief updating."
2026-08-28 12:22,no,"Olfactory Dysfunction Exacerbates Hippocampal Aβ Accumulation, Tau Phosphorylation and Memory Deficits in Mice",Neurochemical Research,https://doi.org/10.1007/s11064-026-04745-3,2026-04-01,20,10,13,"Shows that experimentally induced olfactory dysfunction in mice increases hippocampal amyloid-β accumulation, tau phosphorylation, and associated memory impairments, focusing on disease pathology rather than hippocampal representations or state inference."
2026-08-28 12:22,no,Estren prevents beta-amyloid-induced basal forebrain cholinergic loss and long-term spatial memory deficits in aged female mice,Scientific Reports,https://doi.org/10.1038/s41598-026-49638-1,2026-04-27,19,10,13,"This paper shows that the estrogen-pathway agonist estren prevents amyloid-beta–induced loss of basal forebrain cholinergic neurons and associated long-term spatial memory deficits in aged female mice, focusing on neuroprotection in an Alzheimer’s model rather than on hippocampal/MTL representations"
2026-08-28 12:22,no,Complexity of resting cortical activity predicts neurophysiological responses to theta-burst stimulation but fails to generalize: A rigorous machine-learning approach,PLoS Computational Biology,https://doi.org/10.1371/journal.pcbi.1014154,2026-04-30,18,10,12,"This paper uses EEG and TMS to predict individual variability in motor-cortex responses to theta-burst stimulation and does not address hippocampal/MTL representations, multisensory integration, or neural state inference."
2026-08-28 12:22,no,Additional file 3 of The adhesion GPCR ADGRV1 controls glutamate homeostasis in hippocampal astrocytes supporting neurons,Figshare,https://doi.org/10.6084/m9.figshare.32082176.v1,2026-04-19,20,5,10,"This supplementary file concerns molecular and cellular mechanisms by which the adhesion GPCR ADGRV1 in hippocampal astrocytes regulates glutamate homeostasis, without addressing neural representations, multisensory integration, or state inference."
2026-08-28 12:22,no,Additional file 4 of The adhesion GPCR ADGRV1 controls glutamate homeostasis in hippocampal astrocytes supporting neurons,Figshare,https://doi.org/10.6084/m9.figshare.32082179,2026-04-19,20,5,10,"This supplementary file concerns molecular and cellular mechanisms by which the adhesion GPCR ADGRV1 regulates glutamate homeostasis in hippocampal astrocytes, without addressing hippocampal/MTL representations, multisensory integration, or state inference/belief updating."
2026-08-28 12:22,no,Additional file 2 of The adhesion GPCR ADGRV1 controls glutamate homeostasis in hippocampal astrocytes supporting neurons,Figshare,https://doi.org/10.6084/m9.figshare.32082173.v1,2026-04-19,20,5,10,"This supplementary file concerns molecular and cellular mechanisms of the adhesion GPCR ADGRV1 in hippocampal astrocytes and glutamate homeostasis, not hippocampal/MTL representations, multisensory integration, or state inference."
2026-08-28 12:22,no,"Additional file 1 of Genome-wide mapping of stress-responsive lncRNA, uc.104, reveals the chromatin-mediated regulation of stress and plasticity-related genes in the hippocampus of chronic restraint rats",Figshare,https://doi.org/10.6084/m9.figshare.32494617,2026-04-19,20,5,10,"This supplementary file concerns ChIRP-seq replicate concordance for a stress-responsive lncRNA regulating gene expression in hippocampus, focusing on molecular chromatin mechanisms rather than hippocampal representations, multisensory integration, or state inference."
2026-08-28 12:22,no,"Ecological and morphological insights into Hippocampus haema (Han, Kim, Kai & Senou, 2017) in Geoje-Hansan bay, Korea",Aquatic Ecology,https://doi.org/10.1007/s10452-026-10298-y,2026-04-26,20,0,6,"This paper concerns the ecology and morphology of a seahorse species (Hippocampus haema), not the hippocampal brain region or neural representations, so it is irrelevant to the stated topics."
